chemist_id,molecule_id,month,units_sold,revenue_INR
CHEM087,MOL02,2025-06,128,4864
CHEM123,MOL02,2025-02,26,988
CHEM118,MOL01,2025-03,61,732
CHEM012,MOL02,2025-01,90,3420
CHEM080,MOL05,2025-04,149,1192
CHEM122,MOL03,2025-01,175,3850
CHEM049,MOL03,2025-03,22,484
CHEM085,MOL03,2025-01,104,2288
CHEM112,MOL04,2025-06,122,5490
CHEM099,MOL03,2025-02,137,3014
CHEM128,MOL03,2025-05,78,1716
CHEM022,MOL04,2025-01,120,5400
CHEM047,MOL05,2025-03,92,736
CHEM027,MOL01,2025-03,179,2148
CHEM076,MOL03,2025-04,164,3608
CHEM110,MOL02,2025-06,123,4674
CHEM090,MOL04,2025-01,196,8820
CHEM091,MOL05,2025-04,80,640
CHEM015,MOL01,2025-06,173,2076
CHEM104,MOL03,2025-05,183,4026
CHEM041,MOL01,2025-02,165,1980
CHEM113,MOL01,2025-02,27,324
CHEM061,MOL03,2025-03,108,2376
CHEM146,MOL01,2025-05,49,588
CHEM116,MOL03,2025-03,123,2706
CHEM020,MOL05,2025-02,145,1160
CHEM094,MOL04,2025-03,176,7920
CHEM072,MOL02,2025-01,16,608
CHEM048,MOL04,2025-05,109,4905
CHEM144,MOL01,2025-03,76,912
CHEM115,MOL02,2025-05,83,3154
CHEM126,MOL02,2025-01,44,1672
CHEM019,MOL04,2025-02,192,8640
CHEM114,MOL01,2025-06,91,1092
CHEM089,MOL01,2025-05,148,1776
CHEM075,MOL03,2025-02,192,4224
CHEM045,MOL03,2025-05,67,1474
CHEM032,MOL02,2025-02,70,2660
CHEM127,MOL01,2025-03,151,1812
CHEM147,MOL03,2025-04,151,3322
CHEM034,MOL05,2025-01,26,208
CHEM080,MOL04,2025-06,194,8730
CHEM123,MOL05,2025-04,114,912
CHEM148,MOL01,2025-02,91,1092
CHEM019,MOL04,2025-04,184,8280
CHEM133,MOL03,2025-02,151,3322
CHEM047,MOL02,2025-04,138,5244
CHEM015,MOL01,2025-05,49,588
CHEM078,MOL02,2025-02,92,3496
CHEM058,MOL03,2025-05,82,1804
CHEM021,MOL03,2025-02,172,3784
CHEM142,MOL03,2025-02,170,3740
CHEM078,MOL05,2025-05,33,264
CHEM129,MOL02,2025-05,158,6004
CHEM040,MOL02,2025-06,169,6422
CHEM087,MOL05,2025-01,17,136
CHEM021,MOL01,2025-06,157,1884
CHEM068,MOL02,2025-05,116,4408
CHEM008,MOL04,2025-06,149,6705
CHEM075,MOL03,2025-04,72,1584
CHEM104,MOL03,2025-04,28,616
CHEM016,MOL02,2025-04,116,4408
CHEM124,MOL04,2025-02,97,4365
CHEM037,MOL03,2025-06,91,2002
CHEM089,MOL04,2025-02,104,4680
CHEM132,MOL05,2025-01,91,728
CHEM062,MOL04,2025-01,78,3510
CHEM116,MOL02,2025-02,34,1292
CHEM013,MOL03,2025-04,167,3674
CHEM108,MOL02,2025-02,93,3534
CHEM148,MOL03,2025-02,50,1100
CHEM128,MOL05,2025-04,137,1096
CHEM079,MOL04,2025-01,33,1485
CHEM101,MOL05,2025-04,71,568
CHEM056,MOL05,2025-03,22,176
CHEM013,MOL03,2025-04,162,3564
CHEM121,MOL03,2025-05,12,264
CHEM028,MOL04,2025-02,77,3465
CHEM094,MOL04,2025-03,21,945
CHEM103,MOL01,2025-05,153,1836
CHEM050,MOL03,2025-05,83,1826
CHEM019,MOL04,2025-05,125,5625
CHEM141,MOL03,2025-05,184,4048
CHEM031,MOL02,2025-01,110,4180
CHEM096,MOL03,2025-05,103,2266
CHEM037,MOL02,2025-05,140,5320
CHEM103,MOL05,2025-01,21,168
CHEM010,MOL02,2025-06,95,3610
CHEM122,MOL05,2025-04,48,384
CHEM132,MOL02,2025-03,166,6308
CHEM082,MOL02,2025-04,167,6346
CHEM077,MOL05,2025-03,139,1112
CHEM131,MOL05,2025-04,191,1528
CHEM145,MOL03,2025-04,14,308
CHEM095,MOL03,2025-06,38,836
CHEM107,MOL05,2025-03,195,1560
CHEM007,MOL05,2025-04,77,616
CHEM149,MOL05,2025-02,194,1552
CHEM014,MOL05,2025-04,53,424
CHEM135,MOL05,2025-04,47,376
CHEM063,MOL01,2025-05,189,2268
CHEM029,MOL02,2025-01,122,4636
CHEM081,MOL04,2025-02,115,5175
CHEM053,MOL04,2025-05,166,7470
CHEM121,MOL01,2025-06,45,540
CHEM133,MOL02,2025-05,93,3534
CHEM123,MOL05,2025-04,90,720
CHEM045,MOL04,2025-05,97,4365
CHEM140,MOL03,2025-06,194,4268
CHEM068,MOL05,2025-04,59,472
CHEM064,MOL03,2025-05,86,1892
CHEM058,MOL03,2025-03,190,4180
CHEM054,MOL04,2025-03,132,5940
CHEM090,MOL05,2025-06,80,640
CHEM074,MOL01,2025-05,183,2196
CHEM140,MOL04,2025-04,98,4410
CHEM038,MOL03,2025-01,83,1826
CHEM021,MOL03,2025-04,177,3894
CHEM066,MOL04,2025-02,61,2745
CHEM138,MOL03,2025-05,188,4136
CHEM070,MOL02,2025-01,167,6346
CHEM062,MOL02,2025-01,181,6878
CHEM136,MOL02,2025-06,69,2622
CHEM014,MOL01,2025-04,94,1128
CHEM121,MOL01,2025-06,45,540
CHEM002,MOL05,2025-02,114,912
CHEM122,MOL04,2025-06,61,2745
CHEM074,MOL03,2025-03,175,3850
CHEM016,MOL01,2025-06,156,1872
CHEM060,MOL05,2025-06,195,1560
CHEM010,MOL02,2025-04,55,2090
CHEM010,MOL04,2025-04,57,2565
CHEM075,MOL01,2025-01,86,1032
CHEM146,MOL05,2025-01,95,760
CHEM073,MOL04,2025-06,149,6705
CHEM135,MOL04,2025-02,139,6255
CHEM120,MOL03,2025-02,38,836
CHEM085,MOL02,2025-06,127,4826
CHEM066,MOL02,2025-01,198,7524
CHEM087,MOL03,2025-05,182,4004
CHEM050,MOL02,2025-05,173,6574
CHEM104,MOL04,2025-05,93,4185
CHEM023,MOL04,2025-06,34,1530
CHEM048,MOL02,2025-04,92,3496
CHEM064,MOL01,2025-03,108,1296
CHEM061,MOL04,2025-03,94,4230
CHEM078,MOL05,2025-06,156,1248
CHEM003,MOL03,2025-06,102,2244
CHEM061,MOL01,2025-06,40,480
CHEM120,MOL03,2025-02,113,2486
CHEM129,MOL03,2025-06,40,880
CHEM076,MOL03,2025-05,66,1452
CHEM057,MOL02,2025-04,49,1862
CHEM117,MOL05,2025-03,116,928
CHEM141,MOL04,2025-05,180,8100
CHEM056,MOL02,2025-06,162,6156
CHEM021,MOL05,2025-04,145,1160
CHEM093,MOL01,2025-05,38,456
CHEM016,MOL05,2025-05,61,488
CHEM147,MOL05,2025-02,52,416
CHEM084,MOL05,2025-04,39,312
CHEM053,MOL05,2025-04,33,264
CHEM131,MOL04,2025-01,126,5670
CHEM034,MOL05,2025-04,126,1008
CHEM145,MOL01,2025-05,128,1536
CHEM079,MOL01,2025-04,75,900
CHEM001,MOL02,2025-05,28,1064
CHEM012,MOL04,2025-03,189,8505
CHEM017,MOL05,2025-01,27,216
CHEM121,MOL01,2025-03,114,1368
CHEM047,MOL02,2025-06,196,7448
CHEM108,MOL03,2025-04,124,2728
CHEM097,MOL04,2025-01,184,8280
CHEM139,MOL02,2025-06,99,3762
CHEM031,MOL02,2025-05,110,4180
CHEM136,MOL02,2025-06,67,2546
CHEM001,MOL01,2025-03,128,1536
CHEM140,MOL04,2025-05,107,4815
CHEM059,MOL02,2025-04,98,3724
CHEM040,MOL03,2025-02,195,4290
CHEM029,MOL01,2025-06,117,1404
CHEM005,MOL02,2025-02,27,1026
CHEM026,MOL05,2025-01,124,992
CHEM013,MOL02,2025-06,21,798
CHEM103,MOL04,2025-02,148,6660
CHEM056,MOL01,2025-02,138,1656
CHEM075,MOL02,2025-06,157,5966
CHEM082,MOL05,2025-05,182,1456
CHEM083,MOL02,2025-03,46,1748
CHEM134,MOL02,2025-04,86,3268
CHEM071,MOL01,2025-05,161,1932
CHEM045,MOL04,2025-05,136,6120
CHEM013,MOL03,2025-06,181,3982
CHEM098,MOL05,2025-03,188,1504
CHEM107,MOL04,2025-02,86,3870
CHEM097,MOL02,2025-05,131,4978
CHEM062,MOL02,2025-03,191,7258
CHEM037,MOL04,2025-01,153,6885
CHEM106,MOL04,2025-05,145,6525
CHEM035,MOL04,2025-02,75,3375
CHEM053,MOL03,2025-06,30,660
CHEM116,MOL03,2025-01,147,3234
CHEM049,MOL01,2025-03,106,1272
CHEM011,MOL01,2025-02,160,1920
CHEM144,MOL02,2025-04,63,2394
CHEM086,MOL03,2025-01,64,1408
CHEM049,MOL01,2025-06,132,1584
CHEM063,MOL05,2025-06,62,496
CHEM102,MOL02,2025-05,92,3496
CHEM073,MOL04,2025-04,146,6570
CHEM092,MOL03,2025-03,102,2244
CHEM132,MOL04,2025-04,35,1575
CHEM121,MOL03,2025-02,104,2288
CHEM081,MOL04,2025-01,154,6930
CHEM057,MOL02,2025-01,76,2888
CHEM142,MOL05,2025-05,194,1552
CHEM107,MOL03,2025-02,60,1320
CHEM085,MOL02,2025-04,155,5890
CHEM063,MOL04,2025-05,177,7965
CHEM087,MOL03,2025-04,195,4290
CHEM126,MOL04,2025-02,197,8865
CHEM091,MOL02,2025-02,194,7372
CHEM140,MOL04,2025-02,148,6660
CHEM016,MOL05,2025-01,29,232
CHEM013,MOL01,2025-04,45,540
CHEM060,MOL01,2025-06,48,576
CHEM003,MOL02,2025-05,126,4788
CHEM096,MOL01,2025-05,173,2076
CHEM124,MOL04,2025-01,11,495
CHEM137,MOL05,2025-04,13,104
CHEM005,MOL05,2025-06,80,640
CHEM138,MOL03,2025-01,138,3036
CHEM111,MOL02,2025-01,34,1292
CHEM135,MOL02,2025-02,59,2242
CHEM135,MOL03,2025-03,78,1716
CHEM102,MOL01,2025-03,113,1356
CHEM118,MOL05,2025-02,188,1504
CHEM058,MOL03,2025-06,30,660
CHEM009,MOL01,2025-04,107,1284
CHEM097,MOL05,2025-04,24,192
CHEM003,MOL02,2025-01,137,5206
CHEM112,MOL03,2025-05,34,748
CHEM136,MOL01,2025-02,64,768
CHEM146,MOL04,2025-03,21,945
CHEM020,MOL03,2025-05,154,3388
CHEM009,MOL02,2025-03,14,532
CHEM054,MOL05,2025-02,192,1536
CHEM102,MOL01,2025-03,51,612
CHEM145,MOL02,2025-05,109,4142
CHEM139,MOL03,2025-04,199,4378
CHEM036,MOL01,2025-05,200,2400
CHEM089,MOL01,2025-01,121,1452
CHEM060,MOL01,2025-03,164,1968
CHEM102,MOL03,2025-01,172,3784
CHEM070,MOL04,2025-04,68,3060
CHEM092,MOL05,2025-04,120,960
CHEM048,MOL05,2025-06,107,856
CHEM022,MOL05,2025-03,73,584
CHEM019,MOL01,2025-03,49,588
CHEM098,MOL02,2025-06,109,4142
CHEM082,MOL03,2025-01,33,726
CHEM002,MOL03,2025-04,102,2244
CHEM070,MOL01,2025-02,32,384
CHEM048,MOL04,2025-04,152,6840
CHEM143,MOL05,2025-04,36,288
CHEM007,MOL01,2025-03,151,1812
CHEM024,MOL05,2025-05,93,744
CHEM099,MOL01,2025-03,115,1380
CHEM100,MOL01,2025-06,153,1836
CHEM063,MOL05,2025-05,53,424
CHEM098,MOL02,2025-02,78,2964
CHEM078,MOL03,2025-04,47,1034
CHEM017,MOL02,2025-04,80,3040
CHEM108,MOL03,2025-04,29,638
CHEM093,MOL03,2025-02,194,4268
CHEM127,MOL05,2025-05,60,480
CHEM118,MOL01,2025-02,87,1044
CHEM002,MOL04,2025-03,168,7560
CHEM098,MOL03,2025-04,95,2090
CHEM111,MOL05,2025-02,86,688
CHEM083,MOL05,2025-06,61,488
CHEM123,MOL03,2025-02,111,2442
CHEM082,MOL03,2025-06,187,4114
CHEM126,MOL05,2025-02,93,744
CHEM097,MOL03,2025-04,103,2266
CHEM030,MOL05,2025-02,161,1288
CHEM140,MOL02,2025-06,150,5700
CHEM007,MOL04,2025-06,63,2835
CHEM113,MOL03,2025-06,27,594
CHEM105,MOL04,2025-02,172,7740
CHEM078,MOL02,2025-03,178,6764
CHEM040,MOL04,2025-04,28,1260
CHEM115,MOL05,2025-04,159,1272
CHEM103,MOL05,2025-05,187,1496
CHEM108,MOL05,2025-01,102,816
CHEM138,MOL05,2025-06,31,248
CHEM028,MOL02,2025-06,180,6840
CHEM091,MOL02,2025-06,166,6308
CHEM012,MOL05,2025-06,183,1464
CHEM103,MOL03,2025-04,37,814
CHEM003,MOL01,2025-03,66,792
CHEM131,MOL05,2025-05,158,1264
CHEM148,MOL02,2025-04,105,3990
CHEM101,MOL04,2025-06,160,7200
CHEM129,MOL02,2025-03,16,608
CHEM124,MOL01,2025-03,116,1392
CHEM022,MOL01,2025-06,46,552
CHEM090,MOL03,2025-03,126,2772
CHEM053,MOL05,2025-04,99,792
CHEM122,MOL01,2025-04,194,2328
CHEM116,MOL03,2025-01,86,1892
CHEM012,MOL01,2025-01,97,1164
CHEM028,MOL02,2025-06,72,2736
CHEM133,MOL02,2025-05,50,1900
CHEM085,MOL05,2025-04,128,1024
CHEM060,MOL04,2025-06,57,2565
CHEM048,MOL04,2025-04,17,765
CHEM051,MOL04,2025-05,119,5355
CHEM100,MOL01,2025-06,64,768
CHEM053,MOL03,2025-06,26,572
CHEM148,MOL01,2025-05,57,684
CHEM094,MOL03,2025-02,127,2794
CHEM030,MOL03,2025-06,135,2970
CHEM136,MOL03,2025-05,109,2398
CHEM101,MOL05,2025-01,99,792
CHEM091,MOL04,2025-05,54,2430
CHEM077,MOL05,2025-05,31,248
CHEM035,MOL03,2025-01,71,1562
CHEM079,MOL01,2025-02,105,1260
CHEM037,MOL05,2025-04,117,936
CHEM036,MOL05,2025-04,118,944
CHEM048,MOL04,2025-06,147,6615
CHEM045,MOL05,2025-02,135,1080
CHEM074,MOL02,2025-02,90,3420
CHEM116,MOL05,2025-01,101,808
CHEM003,MOL04,2025-02,59,2655
CHEM099,MOL05,2025-05,177,1416
CHEM127,MOL04,2025-06,135,6075
CHEM107,MOL04,2025-04,52,2340
CHEM022,MOL05,2025-01,66,528
CHEM075,MOL01,2025-03,67,804
CHEM138,MOL03,2025-02,127,2794
CHEM145,MOL04,2025-05,140,6300
CHEM029,MOL05,2025-01,78,624
CHEM140,MOL03,2025-05,20,440
CHEM113,MOL05,2025-02,118,944
CHEM027,MOL02,2025-03,18,684
CHEM116,MOL03,2025-03,32,704
CHEM113,MOL01,2025-02,63,756
CHEM090,MOL05,2025-06,119,952
CHEM043,MOL05,2025-02,62,496
CHEM053,MOL01,2025-05,99,1188
CHEM137,MOL03,2025-05,147,3234
CHEM044,MOL03,2025-06,84,1848
CHEM075,MOL05,2025-03,141,1128
CHEM025,MOL02,2025-04,25,950
CHEM071,MOL02,2025-06,43,1634
CHEM064,MOL02,2025-06,92,3496
CHEM064,MOL04,2025-04,46,2070
CHEM148,MOL03,2025-06,116,2552
CHEM097,MOL04,2025-01,172,7740
CHEM024,MOL04,2025-05,81,3645
CHEM095,MOL04,2025-04,93,4185
CHEM149,MOL01,2025-06,33,396
CHEM118,MOL03,2025-01,146,3212
CHEM102,MOL02,2025-04,64,2432
CHEM127,MOL03,2025-03,82,1804
CHEM087,MOL05,2025-05,43,344
CHEM145,MOL04,2025-03,184,8280
CHEM013,MOL01,2025-01,170,2040
CHEM118,MOL01,2025-01,50,600
CHEM113,MOL04,2025-01,119,5355
CHEM052,MOL02,2025-06,87,3306
CHEM041,MOL03,2025-01,177,3894
CHEM093,MOL03,2025-01,105,2310
CHEM043,MOL01,2025-04,170,2040
CHEM079,MOL02,2025-04,177,6726
CHEM024,MOL01,2025-01,64,768
CHEM123,MOL01,2025-02,161,1932
CHEM058,MOL05,2025-06,123,984
CHEM003,MOL01,2025-06,97,1164
CHEM031,MOL04,2025-06,43,1935
CHEM123,MOL01,2025-02,108,1296
CHEM023,MOL01,2025-01,90,1080
CHEM095,MOL03,2025-02,107,2354
CHEM035,MOL02,2025-01,145,5510
CHEM145,MOL01,2025-05,176,2112
CHEM043,MOL04,2025-03,194,8730
CHEM055,MOL02,2025-04,167,6346
CHEM114,MOL02,2025-01,35,1330
CHEM036,MOL01,2025-05,196,2352
CHEM099,MOL03,2025-04,90,1980
CHEM036,MOL02,2025-03,175,6650
CHEM022,MOL02,2025-05,163,6194
CHEM073,MOL01,2025-06,87,1044
CHEM053,MOL05,2025-05,140,1120
CHEM049,MOL04,2025-03,175,7875
CHEM014,MOL02,2025-04,108,4104
CHEM029,MOL02,2025-04,173,6574
CHEM019,MOL05,2025-01,102,816
CHEM082,MOL02,2025-04,155,5890
CHEM108,MOL03,2025-05,184,4048
CHEM045,MOL04,2025-01,14,630
CHEM018,MOL01,2025-03,65,780
CHEM011,MOL01,2025-04,139,1668
CHEM074,MOL05,2025-04,118,944
CHEM103,MOL01,2025-06,147,1764
CHEM138,MOL05,2025-02,81,648
CHEM022,MOL03,2025-01,140,3080
CHEM053,MOL02,2025-05,93,3534
CHEM101,MOL05,2025-06,176,1408
CHEM017,MOL03,2025-06,121,2662
CHEM062,MOL01,2025-02,32,384
CHEM112,MOL01,2025-04,166,1992
CHEM015,MOL03,2025-06,199,4378
CHEM045,MOL01,2025-01,191,2292
CHEM036,MOL01,2025-02,137,1644
CHEM089,MOL05,2025-05,194,1552
CHEM067,MOL02,2025-03,42,1596
CHEM069,MOL01,2025-01,95,1140
CHEM110,MOL03,2025-05,26,572
CHEM068,MOL05,2025-06,29,232
CHEM128,MOL04,2025-05,102,4590
CHEM015,MOL04,2025-05,52,2340
CHEM095,MOL02,2025-03,36,1368
CHEM147,MOL01,2025-02,199,2388
CHEM131,MOL01,2025-01,13,156
CHEM063,MOL01,2025-04,103,1236
CHEM099,MOL02,2025-02,19,722
CHEM142,MOL04,2025-02,92,4140
CHEM064,MOL04,2025-06,91,4095
CHEM070,MOL01,2025-05,105,1260
CHEM031,MOL05,2025-06,23,184
CHEM046,MOL02,2025-05,21,798
CHEM103,MOL01,2025-04,82,984
CHEM080,MOL03,2025-01,151,3322
CHEM117,MOL01,2025-03,61,732
CHEM075,MOL05,2025-03,199,1592
CHEM063,MOL04,2025-03,161,7245
CHEM127,MOL02,2025-06,149,5662
CHEM063,MOL02,2025-01,114,4332
CHEM007,MOL02,2025-05,98,3724
CHEM003,MOL03,2025-01,178,3916
CHEM097,MOL03,2025-01,62,1364
CHEM136,MOL02,2025-04,135,5130
CHEM016,MOL02,2025-06,81,3078
CHEM024,MOL01,2025-02,143,1716
CHEM106,MOL03,2025-04,31,682
CHEM149,MOL01,2025-05,44,528
CHEM101,MOL01,2025-05,155,1860
CHEM016,MOL04,2025-06,43,1935
CHEM061,MOL03,2025-03,90,1980
CHEM101,MOL03,2025-03,125,2750
CHEM070,MOL02,2025-01,61,2318
CHEM035,MOL05,2025-01,49,392
CHEM028,MOL02,2025-04,129,4902
CHEM081,MOL04,2025-01,147,6615
CHEM092,MOL02,2025-04,88,3344
CHEM119,MOL03,2025-01,33,726
CHEM041,MOL03,2025-06,188,4136
CHEM011,MOL02,2025-03,47,1786
CHEM024,MOL02,2025-03,111,4218
CHEM132,MOL01,2025-06,86,1032
CHEM067,MOL02,2025-01,113,4294
CHEM116,MOL05,2025-06,150,1200
CHEM064,MOL01,2025-04,36,432
CHEM036,MOL01,2025-01,25,300
CHEM057,MOL02,2025-02,112,4256
CHEM096,MOL01,2025-05,160,1920
CHEM067,MOL01,2025-01,26,312
CHEM051,MOL04,2025-02,33,1485
CHEM085,MOL01,2025-01,128,1536
CHEM013,MOL02,2025-05,120,4560
CHEM102,MOL04,2025-01,107,4815
CHEM110,MOL02,2025-03,64,2432
CHEM048,MOL03,2025-03,124,2728
CHEM039,MOL01,2025-05,168,2016
CHEM063,MOL03,2025-04,115,2530
CHEM141,MOL04,2025-01,32,1440
CHEM072,MOL04,2025-02,117,5265
CHEM052,MOL05,2025-02,171,1368
CHEM140,MOL01,2025-04,192,2304
CHEM092,MOL04,2025-05,134,6030
CHEM089,MOL05,2025-05,92,736
CHEM100,MOL03,2025-02,16,352
CHEM082,MOL05,2025-02,17,136
CHEM072,MOL01,2025-04,145,1740
CHEM092,MOL05,2025-02,50,400
CHEM026,MOL02,2025-06,71,2698
CHEM069,MOL05,2025-06,24,192
CHEM057,MOL05,2025-04,100,800
CHEM045,MOL02,2025-02,161,6118
CHEM082,MOL03,2025-05,17,374
CHEM091,MOL05,2025-05,46,368
CHEM145,MOL02,2025-04,148,5624
CHEM080,MOL02,2025-04,19,722
CHEM024,MOL01,2025-02,164,1968
CHEM057,MOL01,2025-05,132,1584
CHEM001,MOL03,2025-05,61,1342
CHEM034,MOL03,2025-06,55,1210
CHEM083,MOL01,2025-01,47,564
CHEM037,MOL01,2025-05,103,1236
CHEM019,MOL03,2025-06,179,3938
CHEM102,MOL05,2025-01,96,768
CHEM078,MOL03,2025-02,50,1100
CHEM112,MOL04,2025-06,91,4095
CHEM045,MOL05,2025-06,167,1336
CHEM092,MOL02,2025-06,160,6080
CHEM045,MOL04,2025-03,197,8865
CHEM076,MOL02,2025-02,196,7448
CHEM001,MOL05,2025-04,155,1240
CHEM009,MOL02,2025-05,91,3458
CHEM057,MOL05,2025-01,137,1096
CHEM037,MOL03,2025-06,29,638
CHEM061,MOL03,2025-03,52,1144
CHEM023,MOL03,2025-04,12,264
CHEM068,MOL02,2025-02,187,7106
CHEM018,MOL03,2025-03,37,814
CHEM001,MOL01,2025-04,122,1464
CHEM108,MOL02,2025-04,136,5168
CHEM097,MOL03,2025-05,106,2332
CHEM026,MOL04,2025-05,176,7920
CHEM058,MOL02,2025-04,28,1064
CHEM009,MOL03,2025-01,91,2002
CHEM067,MOL01,2025-01,97,1164
CHEM044,MOL04,2025-02,197,8865
CHEM020,MOL05,2025-01,96,768
CHEM124,MOL01,2025-04,177,2124
CHEM043,MOL05,2025-04,50,400
CHEM014,MOL01,2025-03,62,744
CHEM049,MOL04,2025-06,151,6795
CHEM139,MOL03,2025-06,82,1804
CHEM077,MOL02,2025-01,22,836
CHEM101,MOL05,2025-05,135,1080
CHEM040,MOL01,2025-03,10,120
CHEM110,MOL01,2025-03,179,2148
CHEM123,MOL02,2025-01,16,608
CHEM053,MOL02,2025-06,84,3192
CHEM021,MOL04,2025-01,88,3960
CHEM102,MOL04,2025-04,179,8055
CHEM068,MOL01,2025-06,149,1788
CHEM100,MOL02,2025-03,107,4066
CHEM095,MOL02,2025-04,21,798
CHEM068,MOL04,2025-04,77,3465
CHEM058,MOL03,2025-05,25,550
CHEM039,MOL01,2025-01,181,2172
CHEM089,MOL05,2025-04,160,1280
CHEM059,MOL05,2025-01,109,872
CHEM134,MOL04,2025-05,185,8325
CHEM122,MOL05,2025-02,131,1048
CHEM077,MOL01,2025-04,192,2304
CHEM009,MOL05,2025-05,142,1136
CHEM147,MOL05,2025-02,40,320
CHEM115,MOL02,2025-02,64,2432
CHEM050,MOL02,2025-01,118,4484
CHEM021,MOL04,2025-02,170,7650
CHEM038,MOL05,2025-03,91,728
CHEM018,MOL01,2025-04,152,1824
CHEM102,MOL05,2025-03,80,640
CHEM134,MOL04,2025-01,189,8505
CHEM134,MOL04,2025-01,116,5220
CHEM039,MOL02,2025-05,160,6080
CHEM150,MOL01,2025-01,154,1848
CHEM026,MOL03,2025-05,98,2156
CHEM106,MOL03,2025-04,177,3894
CHEM125,MOL05,2025-05,131,1048
CHEM010,MOL02,2025-03,113,4294
CHEM037,MOL05,2025-05,184,1472
CHEM103,MOL01,2025-04,94,1128
CHEM061,MOL01,2025-06,131,1572
CHEM069,MOL03,2025-01,96,2112
CHEM078,MOL03,2025-03,135,2970
CHEM026,MOL02,2025-02,86,3268
CHEM114,MOL03,2025-03,196,4312
CHEM107,MOL05,2025-06,32,256
CHEM049,MOL04,2025-02,114,5130
CHEM125,MOL05,2025-03,24,192
CHEM132,MOL02,2025-01,89,3382
CHEM130,MOL04,2025-02,144,6480
CHEM146,MOL01,2025-02,59,708
CHEM052,MOL01,2025-02,18,216
CHEM117,MOL01,2025-03,190,2280
CHEM051,MOL03,2025-03,128,2816
CHEM130,MOL04,2025-06,41,1845
CHEM008,MOL02,2025-03,135,5130
CHEM115,MOL02,2025-04,160,6080
CHEM142,MOL03,2025-03,51,1122
CHEM067,MOL01,2025-03,17,204
CHEM099,MOL01,2025-02,156,1872
CHEM055,MOL02,2025-06,67,2546
CHEM053,MOL03,2025-06,114,2508
CHEM132,MOL01,2025-06,12,144
CHEM122,MOL02,2025-06,54,2052
CHEM003,MOL02,2025-03,165,6270
CHEM079,MOL03,2025-04,106,2332
CHEM090,MOL04,2025-03,65,2925
CHEM120,MOL03,2025-06,143,3146
CHEM102,MOL05,2025-01,11,88
CHEM131,MOL03,2025-05,175,3850
CHEM073,MOL03,2025-06,37,814
CHEM124,MOL01,2025-03,80,960
CHEM084,MOL03,2025-03,177,3894
CHEM077,MOL02,2025-02,142,5396
CHEM062,MOL01,2025-05,113,1356
CHEM082,MOL02,2025-06,16,608
CHEM128,MOL03,2025-03,117,2574
CHEM104,MOL04,2025-06,19,855
CHEM150,MOL05,2025-02,97,776
CHEM057,MOL05,2025-06,131,1048
CHEM092,MOL05,2025-03,53,424
CHEM143,MOL02,2025-03,34,1292
CHEM121,MOL02,2025-06,76,2888
CHEM144,MOL02,2025-06,95,3610
CHEM023,MOL02,2025-03,67,2546
CHEM079,MOL04,2025-03,105,4725
CHEM067,MOL05,2025-03,128,1024
CHEM031,MOL04,2025-01,172,7740
CHEM150,MOL05,2025-05,28,224
CHEM121,MOL02,2025-05,40,1520
CHEM098,MOL05,2025-03,115,920
CHEM014,MOL02,2025-02,61,2318
CHEM088,MOL04,2025-05,127,5715
CHEM037,MOL03,2025-06,56,1232
CHEM021,MOL04,2025-03,171,7695
CHEM046,MOL03,2025-06,24,528
CHEM002,MOL04,2025-03,63,2835
CHEM044,MOL05,2025-02,135,1080
CHEM023,MOL02,2025-05,121,4598
CHEM110,MOL04,2025-04,132,5940
CHEM099,MOL01,2025-01,146,1752
CHEM052,MOL03,2025-01,92,2024
CHEM136,MOL02,2025-01,183,6954
CHEM002,MOL02,2025-02,187,7106
CHEM089,MOL03,2025-02,36,792
CHEM099,MOL05,2025-05,88,704
CHEM043,MOL01,2025-01,86,1032
CHEM075,MOL04,2025-06,143,6435
CHEM135,MOL03,2025-04,185,4070
CHEM035,MOL03,2025-04,101,2222
CHEM049,MOL02,2025-04,14,532
CHEM059,MOL02,2025-06,43,1634
CHEM055,MOL01,2025-05,139,1668
CHEM044,MOL01,2025-03,192,2304
CHEM010,MOL04,2025-06,75,3375
CHEM137,MOL05,2025-01,162,1296
CHEM013,MOL01,2025-06,15,180
CHEM013,MOL01,2025-04,123,1476
CHEM098,MOL01,2025-05,74,888
CHEM122,MOL02,2025-02,187,7106
CHEM003,MOL03,2025-04,179,3938
CHEM026,MOL05,2025-03,169,1352
CHEM036,MOL04,2025-01,140,6300
CHEM031,MOL03,2025-01,37,814
CHEM128,MOL02,2025-05,61,2318
CHEM068,MOL05,2025-02,101,808
CHEM105,MOL03,2025-02,20,440
CHEM141,MOL04,2025-02,186,8370
CHEM124,MOL03,2025-02,10,220
CHEM004,MOL01,2025-01,156,1872
CHEM127,MOL02,2025-01,140,5320
CHEM020,MOL01,2025-03,174,2088
CHEM060,MOL04,2025-03,77,3465
CHEM119,MOL01,2025-01,54,648
CHEM011,MOL03,2025-03,183,4026
CHEM081,MOL04,2025-06,39,1755
CHEM025,MOL01,2025-01,45,540
CHEM044,MOL03,2025-03,122,2684
CHEM069,MOL01,2025-03,97,1164
CHEM047,MOL01,2025-04,112,1344
CHEM117,MOL03,2025-04,186,4092
CHEM123,MOL04,2025-06,52,2340
CHEM029,MOL02,2025-06,195,7410
CHEM016,MOL02,2025-01,116,4408
CHEM124,MOL05,2025-06,122,976
CHEM047,MOL05,2025-04,101,808
CHEM008,MOL02,2025-04,134,5092
CHEM029,MOL04,2025-04,21,945
CHEM017,MOL03,2025-06,90,1980
CHEM004,MOL05,2025-06,157,1256
CHEM145,MOL02,2025-06,96,3648
CHEM133,MOL05,2025-06,189,1512
CHEM025,MOL04,2025-06,196,8820
CHEM064,MOL04,2025-03,179,8055
CHEM099,MOL02,2025-05,166,6308
CHEM014,MOL01,2025-06,50,600
CHEM130,MOL04,2025-04,52,2340
CHEM020,MOL04,2025-03,71,3195
CHEM085,MOL03,2025-01,139,3058
CHEM058,MOL05,2025-06,106,848
CHEM104,MOL02,2025-01,127,4826
CHEM114,MOL05,2025-04,32,256
CHEM128,MOL04,2025-03,40,1800
CHEM128,MOL01,2025-01,113,1356
CHEM106,MOL01,2025-05,150,1800
CHEM001,MOL01,2025-05,168,2016
CHEM078,MOL05,2025-05,62,496
CHEM117,MOL03,2025-03,23,506
CHEM058,MOL04,2025-03,153,6885
CHEM122,MOL03,2025-06,125,2750
CHEM030,MOL01,2025-06,66,792
CHEM001,MOL03,2025-03,172,3784
CHEM075,MOL05,2025-05,105,840
CHEM028,MOL01,2025-02,136,1632
CHEM036,MOL04,2025-01,75,3375
CHEM051,MOL02,2025-01,110,4180
CHEM056,MOL04,2025-02,193,8685
CHEM087,MOL01,2025-04,21,252
CHEM032,MOL04,2025-04,178,8010
CHEM130,MOL02,2025-04,11,418
CHEM136,MOL01,2025-05,120,1440
CHEM150,MOL04,2025-05,55,2475
CHEM149,MOL02,2025-06,42,1596
CHEM027,MOL04,2025-06,163,7335
CHEM083,MOL05,2025-04,117,936
CHEM064,MOL03,2025-04,97,2134
CHEM076,MOL04,2025-02,45,2025
CHEM106,MOL05,2025-06,141,1128
CHEM077,MOL05,2025-03,192,1536
CHEM142,MOL02,2025-02,63,2394
CHEM075,MOL03,2025-06,43,946
CHEM046,MOL05,2025-05,187,1496
CHEM083,MOL01,2025-03,153,1836
CHEM123,MOL05,2025-05,180,1440
CHEM107,MOL05,2025-03,118,944
CHEM004,MOL05,2025-01,16,128
CHEM098,MOL02,2025-01,181,6878
CHEM015,MOL02,2025-03,51,1938
CHEM074,MOL03,2025-02,25,550
CHEM076,MOL02,2025-05,18,684
CHEM092,MOL04,2025-01,167,7515
CHEM144,MOL02,2025-06,175,6650
CHEM144,MOL04,2025-02,140,6300
CHEM074,MOL01,2025-04,109,1308
CHEM107,MOL03,2025-05,23,506
CHEM004,MOL03,2025-02,168,3696
CHEM114,MOL02,2025-06,190,7220
CHEM095,MOL05,2025-05,199,1592
CHEM051,MOL02,2025-03,124,4712
CHEM046,MOL01,2025-02,54,648
CHEM132,MOL01,2025-04,20,240
CHEM110,MOL03,2025-05,77,1694
CHEM034,MOL02,2025-05,75,2850
CHEM002,MOL03,2025-04,191,4202
CHEM040,MOL01,2025-02,92,1104
CHEM014,MOL05,2025-06,87,696
CHEM126,MOL05,2025-05,101,808
CHEM019,MOL03,2025-05,66,1452
CHEM048,MOL05,2025-01,139,1112
CHEM041,MOL04,2025-05,147,6615
CHEM104,MOL01,2025-03,66,792
CHEM055,MOL03,2025-03,102,2244
CHEM076,MOL02,2025-05,145,5510
CHEM122,MOL05,2025-06,12,96
CHEM030,MOL03,2025-04,71,1562
CHEM063,MOL01,2025-06,92,1104
CHEM098,MOL01,2025-04,75,900
CHEM139,MOL03,2025-01,142,3124
CHEM096,MOL05,2025-05,124,992
CHEM125,MOL01,2025-03,176,2112
CHEM050,MOL03,2025-05,31,682
CHEM025,MOL02,2025-05,146,5548
CHEM002,MOL01,2025-02,181,2172
CHEM055,MOL04,2025-01,62,2790
CHEM138,MOL04,2025-06,28,1260
CHEM040,MOL01,2025-04,193,2316
CHEM085,MOL01,2025-01,28,336
CHEM014,MOL02,2025-03,152,5776
CHEM019,MOL05,2025-02,76,608
CHEM105,MOL04,2025-04,171,7695
CHEM104,MOL04,2025-03,14,630
CHEM100,MOL01,2025-05,11,132
CHEM017,MOL05,2025-01,189,1512
CHEM019,MOL03,2025-05,37,814
CHEM075,MOL03,2025-05,32,704
CHEM073,MOL04,2025-04,111,4995
CHEM008,MOL04,2025-02,146,6570
CHEM057,MOL02,2025-06,110,4180
CHEM140,MOL03,2025-06,46,1012
CHEM077,MOL03,2025-01,151,3322
CHEM143,MOL02,2025-01,20,760
CHEM002,MOL05,2025-05,110,880
CHEM138,MOL05,2025-01,88,704
CHEM054,MOL03,2025-02,115,2530
CHEM132,MOL02,2025-02,57,2166
CHEM057,MOL05,2025-03,59,472
CHEM030,MOL02,2025-06,155,5890
CHEM014,MOL05,2025-04,175,1400
CHEM141,MOL01,2025-03,181,2172
CHEM018,MOL03,2025-01,60,1320
CHEM149,MOL04,2025-03,101,4545
CHEM033,MOL02,2025-01,82,3116
CHEM018,MOL02,2025-03,134,5092
CHEM116,MOL03,2025-05,178,3916
CHEM079,MOL05,2025-02,154,1232
CHEM146,MOL03,2025-03,119,2618
CHEM044,MOL01,2025-03,73,876
CHEM057,MOL04,2025-03,102,4590
CHEM035,MOL03,2025-04,128,2816
CHEM115,MOL03,2025-03,134,2948
CHEM142,MOL01,2025-02,175,2100
CHEM021,MOL03,2025-02,147,3234
CHEM051,MOL03,2025-06,170,3740
CHEM020,MOL01,2025-01,139,1668
CHEM008,MOL05,2025-05,113,904
CHEM055,MOL01,2025-05,76,912
CHEM140,MOL05,2025-04,177,1416
CHEM039,MOL03,2025-04,67,1474
CHEM075,MOL02,2025-04,138,5244
CHEM131,MOL01,2025-04,103,1236
CHEM129,MOL01,2025-06,71,852
CHEM043,MOL05,2025-02,124,992
CHEM041,MOL02,2025-05,154,5852
CHEM038,MOL04,2025-03,20,900
CHEM057,MOL04,2025-02,26,1170
CHEM068,MOL03,2025-02,20,440
CHEM053,MOL05,2025-03,109,872
CHEM121,MOL04,2025-01,20,900
CHEM083,MOL01,2025-06,143,1716
CHEM071,MOL03,2025-05,149,3278
CHEM146,MOL02,2025-04,177,6726
CHEM097,MOL03,2025-05,177,3894
CHEM020,MOL05,2025-03,106,848
CHEM058,MOL05,2025-04,100,800
CHEM089,MOL04,2025-04,164,7380
CHEM002,MOL05,2025-02,122,976
CHEM043,MOL02,2025-01,141,5358
CHEM072,MOL02,2025-02,57,2166
CHEM041,MOL03,2025-05,193,4246
CHEM031,MOL02,2025-04,94,3572
CHEM030,MOL04,2025-06,132,5940
CHEM123,MOL02,2025-05,51,1938
CHEM106,MOL01,2025-02,21,252
CHEM033,MOL05,2025-05,51,408
CHEM035,MOL05,2025-01,156,1248
CHEM038,MOL01,2025-02,76,912
CHEM047,MOL05,2025-04,163,1304
CHEM145,MOL01,2025-06,196,2352
CHEM073,MOL01,2025-02,124,1488
CHEM121,MOL04,2025-02,66,2970
CHEM106,MOL05,2025-02,159,1272
CHEM047,MOL05,2025-06,140,1120
CHEM068,MOL02,2025-06,185,7030
CHEM088,MOL04,2025-05,161,7245
CHEM018,MOL02,2025-04,108,4104
CHEM034,MOL01,2025-01,61,732
CHEM134,MOL05,2025-06,117,936
CHEM039,MOL05,2025-01,55,440
CHEM122,MOL05,2025-05,19,152
CHEM137,MOL05,2025-01,33,264
CHEM124,MOL02,2025-05,148,5624
CHEM001,MOL04,2025-05,117,5265
CHEM095,MOL01,2025-06,145,1740
CHEM110,MOL02,2025-04,107,4066
CHEM090,MOL05,2025-06,188,1504
CHEM148,MOL01,2025-04,44,528
CHEM066,MOL04,2025-02,31,1395
CHEM073,MOL05,2025-05,114,912
CHEM066,MOL02,2025-01,191,7258
CHEM002,MOL05,2025-05,40,320
CHEM134,MOL01,2025-04,177,2124
CHEM053,MOL03,2025-04,102,2244
CHEM028,MOL02,2025-04,176,6688
CHEM150,MOL03,2025-03,147,3234
CHEM109,MOL05,2025-03,166,1328
CHEM071,MOL04,2025-02,115,5175
CHEM142,MOL05,2025-04,55,440
CHEM095,MOL05,2025-05,133,1064
CHEM065,MOL03,2025-05,98,2156
CHEM102,MOL02,2025-06,40,1520
CHEM059,MOL04,2025-06,51,2295
CHEM026,MOL02,2025-05,112,4256
CHEM087,MOL05,2025-05,188,1504
CHEM014,MOL02,2025-04,172,6536
CHEM002,MOL01,2025-02,130,1560
CHEM112,MOL01,2025-01,77,924
CHEM057,MOL03,2025-01,165,3630
CHEM010,MOL04,2025-04,167,7515
CHEM134,MOL03,2025-06,162,3564
CHEM015,MOL02,2025-06,136,5168
CHEM113,MOL01,2025-02,178,2136
CHEM133,MOL03,2025-02,18,396
CHEM131,MOL05,2025-06,69,552
CHEM044,MOL01,2025-03,71,852
CHEM001,MOL02,2025-01,80,3040
CHEM103,MOL03,2025-06,111,2442
CHEM104,MOL05,2025-02,142,1136
CHEM004,MOL01,2025-01,150,1800
CHEM073,MOL05,2025-05,99,792
CHEM089,MOL03,2025-02,165,3630
CHEM050,MOL04,2025-04,157,7065
CHEM002,MOL03,2025-02,114,2508
CHEM130,MOL01,2025-05,28,336
CHEM129,MOL03,2025-03,39,858
CHEM132,MOL03,2025-05,157,3454
CHEM065,MOL04,2025-04,154,6930
CHEM124,MOL02,2025-03,127,4826
CHEM118,MOL05,2025-01,133,1064
CHEM030,MOL03,2025-01,107,2354
CHEM057,MOL02,2025-03,115,4370
CHEM091,MOL05,2025-05,12,96
CHEM068,MOL02,2025-03,33,1254
CHEM103,MOL03,2025-01,151,3322
CHEM046,MOL04,2025-03,100,4500
CHEM056,MOL05,2025-03,56,448
CHEM049,MOL04,2025-06,61,2745
CHEM061,MOL02,2025-03,62,2356
CHEM059,MOL02,2025-02,168,6384
CHEM092,MOL02,2025-01,40,1520
CHEM021,MOL04,2025-05,11,495
CHEM139,MOL01,2025-04,105,1260
CHEM081,MOL04,2025-05,80,3600
CHEM126,MOL02,2025-05,81,3078
CHEM102,MOL02,2025-05,42,1596
CHEM014,MOL05,2025-04,132,1056
CHEM139,MOL01,2025-05,98,1176
CHEM101,MOL02,2025-04,40,1520
CHEM133,MOL04,2025-03,186,8370
CHEM003,MOL01,2025-06,63,756
CHEM098,MOL05,2025-01,93,744
CHEM093,MOL05,2025-03,57,456
CHEM141,MOL03,2025-02,78,1716
CHEM121,MOL05,2025-03,103,824
CHEM048,MOL04,2025-04,63,2835
CHEM108,MOL03,2025-03,112,2464
CHEM072,MOL04,2025-02,156,7020
CHEM034,MOL05,2025-06,68,544
CHEM026,MOL03,2025-02,152,3344
CHEM111,MOL04,2025-02,47,2115
CHEM039,MOL04,2025-01,55,2475
CHEM108,MOL04,2025-02,171,7695
CHEM133,MOL05,2025-06,90,720
CHEM125,MOL03,2025-03,153,3366
CHEM146,MOL01,2025-04,35,420
CHEM042,MOL01,2025-02,75,900
CHEM122,MOL01,2025-04,200,2400
CHEM086,MOL03,2025-03,102,2244
CHEM144,MOL05,2025-03,98,784
CHEM006,MOL04,2025-01,99,4455
CHEM051,MOL05,2025-05,176,1408
CHEM138,MOL02,2025-03,100,3800
CHEM084,MOL05,2025-04,198,1584
CHEM115,MOL01,2025-04,167,2004
CHEM074,MOL04,2025-06,47,2115
CHEM043,MOL03,2025-04,171,3762
CHEM147,MOL04,2025-01,30,1350
CHEM042,MOL03,2025-02,90,1980
CHEM082,MOL03,2025-06,78,1716
CHEM102,MOL03,2025-04,102,2244
CHEM134,MOL04,2025-04,52,2340
CHEM048,MOL01,2025-02,196,2352
CHEM061,MOL03,2025-06,189,4158
CHEM021,MOL02,2025-02,111,4218
CHEM027,MOL01,2025-01,131,1572
CHEM141,MOL01,2025-01,111,1332
CHEM135,MOL01,2025-01,77,924
CHEM040,MOL01,2025-06,109,1308
CHEM080,MOL02,2025-02,198,7524
CHEM073,MOL04,2025-06,42,1890
CHEM034,MOL05,2025-02,17,136
CHEM009,MOL03,2025-03,131,2882
CHEM120,MOL05,2025-03,150,1200
CHEM114,MOL02,2025-06,148,5624
CHEM046,MOL05,2025-05,126,1008
CHEM145,MOL04,2025-05,173,7785
CHEM137,MOL03,2025-03,133,2926
CHEM139,MOL02,2025-01,123,4674
CHEM079,MOL03,2025-04,76,1672
CHEM040,MOL03,2025-01,10,220
CHEM134,MOL02,2025-03,83,3154
CHEM121,MOL05,2025-01,186,1488
CHEM126,MOL04,2025-03,12,540
CHEM111,MOL03,2025-05,69,1518
CHEM002,MOL05,2025-03,58,464
CHEM106,MOL05,2025-04,111,888
CHEM064,MOL02,2025-06,198,7524
CHEM100,MOL04,2025-02,77,3465
CHEM021,MOL04,2025-06,71,3195
CHEM133,MOL05,2025-06,185,1480
CHEM070,MOL03,2025-06,200,4400
CHEM137,MOL03,2025-04,58,1276
CHEM018,MOL02,2025-02,84,3192
CHEM029,MOL04,2025-05,125,5625
CHEM070,MOL05,2025-04,58,464
CHEM083,MOL01,2025-02,22,264
CHEM137,MOL01,2025-02,36,432
CHEM073,MOL03,2025-02,193,4246
CHEM113,MOL01,2025-02,33,396
CHEM039,MOL01,2025-04,65,780
CHEM088,MOL04,2025-03,137,6165
CHEM096,MOL04,2025-06,18,810
CHEM085,MOL01,2025-02,24,288
CHEM069,MOL04,2025-01,149,6705
CHEM121,MOL02,2025-02,74,2812
CHEM098,MOL01,2025-01,192,2304
CHEM064,MOL04,2025-04,73,3285
CHEM009,MOL02,2025-04,198,7524
CHEM025,MOL05,2025-06,63,504
CHEM122,MOL04,2025-06,89,4005
CHEM083,MOL02,2025-06,196,7448
CHEM011,MOL05,2025-05,41,328
