doctor_id,molecule_id,month,proximity_score,leakage_score,hybrid_score,high_leakage_doctor
DOC001,MOL01,2025-01,30.6,35.26867001424509,27.387094729148053,0.0
DOC001,MOL01,2025-02,31.5,22.99244457290783,17.52114725387725,0.0
DOC001,MOL01,2025-03,0.0,142.05866101407946,62.76304009838773,1.0
DOC001,MOL01,2025-04,22.5,46.31879794914923,13.199487762962065,0.0
DOC001,MOL01,2025-05,0.0,71.48397538476324,14.63315948582998,1.0
DOC001,MOL01,2025-06,0.0,158.8622251072355,85.19204041842376,1.0
DOC001,MOL02,2025-02,55.199999999999996,0.0,41.39415042173746,0.0
DOC001,MOL02,2025-03,106.8,0.0,100.0,0.0
DOC001,MOL02,2025-04,53.1,0.0,37.29120116917109,0.0
DOC001,MOL03,2025-02,46.8,0.0,31.865496515304,0.0
DOC001,MOL03,2025-03,81.0,0.0,63.09963099630996,0.0
DOC001,MOL03,2025-04,82.8,0.0,52.176146161680094,0.0
DOC001,MOL04,2025-01,9.9,110.01730851105326,20.363499374282863,0.0
DOC001,MOL04,2025-02,0.0,127.7511687796641,50.10534870363625,1.0
DOC001,MOL04,2025-03,31.5,20.04392266040813,19.544259135083873,0.0
DOC001,MOL04,2025-04,0.0,121.2093324094443,58.62410107132513,1.0
DOC001,MOL04,2025-05,0.0,67.1650567331981,18.006275148216847,1.0
DOC001,MOL04,2025-06,0.0,89.06620193554448,39.40791803916688,1.0
DOC001,MOL05,2025-01,1.6,0.0,0.0,0.0
DOC001,MOL05,2025-02,46.199999999999996,0.0,27.136828001892578,0.0
DOC001,MOL05,2025-05,57.0,0.0,30.994152046783636,0.0
DOC001,MOL05,2025-06,109.3,0.0,34.87978327124957,0.0
DOC002,MOL01,2025-01,123.19999999999999,0.0,100.0,0.0
DOC002,MOL01,2025-03,6.7,0.0,0.07123601239993782,0.0
DOC002,MOL02,2025-02,122.39999999999999,0.0,97.58984553973256,0.0
DOC002,MOL02,2025-04,13.8,0.0,3.9075062728516414,0.0
DOC002,MOL02,2025-05,33.6,0.0,18.074673511411728,0.0
DOC002,MOL02,2025-06,37.0,0.0,20.73557387444515,0.0
DOC002,MOL03,2025-02,64.80000000000001,0.0,47.75410973623122,0.0
DOC002,MOL03,2025-04,7.2,0.0,0.0,0.0
DOC002,MOL03,2025-05,72.8,0.0,39.714108141702916,0.0
DOC002,MOL03,2025-06,4.3,0.0,0.0,0.0
DOC002,MOL04,2025-01,8.4,85.0967399689557,15.905370975522464,0.0
DOC002,MOL04,2025-02,0.0,120.14489660341457,46.83400882166012,1.0
DOC002,MOL04,2025-03,118.19999999999999,43.31406244645288,79.08461176246927,0.0
DOC002,MOL04,2025-04,0.0,108.4284445150385,52.16262834520329,1.0
DOC002,MOL04,2025-05,192.59999999999997,17.47889784578151,81.55516166291468,0.0
DOC002,MOL04,2025-06,14.3,154.63361090937858,41.79609354318774,0.0
DOC002,MOL05,2025-01,37.199999999999996,106.88572146499699,40.29404725678564,0.0
DOC002,MOL05,2025-02,81.0,67.8849262224502,52.45297337266116,0.0
DOC002,MOL05,2025-03,84.7,43.64364416037711,38.70320395067964,0.0
DOC002,MOL05,2025-04,0.0,117.36224455243669,40.639828140998134,1.0
DOC002,MOL05,2025-05,10.5,136.9518645213485,28.926113173348174,0.0
DOC002,MOL05,2025-06,100.2,117.72238961764715,37.54626815866882,0.0
DOC003,MOL01,2025-01,78.6,0.0,63.04888152444076,0.0
DOC003,MOL01,2025-02,49.5,0.0,27.524523946912872,0.0
DOC003,MOL01,2025-03,107.39999999999999,0.0,71.80590049913744,0.0
DOC003,MOL02,2025-01,0.0,69.62620681766997,21.248337050824347,1.0
DOC003,MOL02,2025-02,0.0,56.2400127911438,26.587037886750036,1.0
DOC003,MOL02,2025-03,10.799999999999999,28.08840163482015,12.794123942154798,0.0
DOC003,MOL02,2025-04,0.0,61.90738852766511,27.243467020632238,1.0
DOC003,MOL02,2025-05,46.199999999999996,103.18516486727292,43.5096783744645,0.0
DOC003,MOL02,2025-06,0.0,48.592745327487165,17.81557612660628,1.0
DOC003,MOL03,2025-01,53.1,0.0,35.08403361344537,0.0
DOC003,MOL03,2025-03,12.600000000000001,0.0,0.0,0.0
DOC003,MOL03,2025-05,57.9,0.0,30.453697949036663,0.0
DOC003,MOL03,2025-06,56.4,0.0,41.08933688119401,0.0
DOC003,MOL04,2025-01,19.6,0.0,8.705882352941178,0.0
DOC003,MOL04,2025-03,6.5,0.0,0.0,0.0
DOC003,MOL04,2025-05,44.1,0.0,17.618327706073174,0.0
DOC003,MOL04,2025-06,97.8,0.0,67.30442925456406,0.0
DOC003,MOL05,2025-01,0.0,79.18048950012407,32.75839643485656,1.0
DOC003,MOL05,2025-02,0.0,33.07352405358927,11.629953869761273,1.0
DOC003,MOL05,2025-03,0.0,39.37805224437912,11.831366482929603,1.0
DOC003,MOL05,2025-04,0.0,41.22225617639897,7.549872306127322,1.0
DOC003,MOL05,2025-05,0.0,24.79072484250618,4.696003830412032,1.0
DOC003,MOL05,2025-06,38.7,25.16396202988754,10.900097305552267,0.0
DOC004,MOL01,2025-04,10.700000000000001,0.0,3.711604095563141,0.0
DOC004,MOL02,2025-01,116.69999999999999,264.833074703232,86.75894746268754,0.0
DOC004,MOL02,2025-02,0.0,158.524785766023,83.6104894473617,1.0
DOC004,MOL02,2025-03,1.4000000000000001,36.18700392763959,8.277398169868185,0.0
DOC004,MOL02,2025-04,19.8,86.49724495717922,29.758561154319075,0.0
DOC004,MOL02,2025-05,87.69999999999999,70.33122542690776,58.27860118510828,0.0
DOC004,MOL02,2025-06,0.0,217.43837683367877,89.19398724738056,1.0
DOC004,MOL03,2025-01,46.3,0.0,30.322128851540615,0.0
DOC004,MOL03,2025-03,13.100000000000001,0.0,0.46125461254612476,0.0
DOC004,MOL03,2025-04,61.8,0.0,37.68277222788007,0.0
DOC004,MOL03,2025-05,169.8,0.0,100.0,0.0
DOC004,MOL04,2025-01,213.6,0.0,100.0,0.0
DOC004,MOL04,2025-02,27.6,0.0,12.967048135557677,0.0
DOC004,MOL05,2025-01,0.0,188.86395555338044,79.55484806878235,1.0
DOC004,MOL05,2025-02,0.0,111.04084482781012,45.00414769015516,1.0
DOC004,MOL05,2025-03,0.0,95.17880575958762,30.283996613620246,1.0
DOC004,MOL05,2025-04,14.399999999999999,159.88742214033323,31.679144315587404,0.0
DOC004,MOL05,2025-05,14.200000000000001,154.96763573191473,34.69806564116267,0.0
DOC004,MOL05,2025-06,0.0,198.65744587209235,42.715305536085864,1.0
DOC005,MOL01,2025-01,93.6,0.0,75.47638773819388,0.0
DOC005,MOL01,2025-02,14.399999999999999,0.0,7.270628967109059,0.0
DOC005,MOL01,2025-03,14.7,0.0,5.770117004394973,0.0
DOC005,MOL02,2025-01,0.0,28.5489453067787,7.7216857760239135,1.0
DOC005,MOL02,2025-02,0.0,34.37700762694605,14.398478635059469,1.0
DOC005,MOL02,2025-03,0.0,18.52486156797319,7.492563870697479,1.0
DOC005,MOL02,2025-04,93.0,49.14774511066801,67.54542104308328,0.0
DOC005,MOL02,2025-05,0.0,65.40339275918619,25.001402136846444,1.0
DOC005,MOL02,2025-06,76.2,30.55352180959392,41.31336330788288,0.0
DOC005,MOL03,2025-01,145.79999999999998,0.0,100.0,0.0
DOC005,MOL03,2025-02,12.700000000000001,0.0,1.7654014689919124,0.0
DOC005,MOL03,2025-05,30.9,0.0,13.673088875077683,0.0
DOC005,MOL03,2025-06,53.699999999999996,0.0,38.95994706201505,0.0
DOC005,MOL04,2025-02,57.599999999999994,0.0,32.32085132295718,0.0
DOC005,MOL04,2025-03,19.700000000000003,0.0,10.452615608966925,0.0
DOC005,MOL04,2025-04,55.199999999999996,0.0,39.20597802364539,0.0
DOC005,MOL04,2025-05,37.5,0.0,13.834618331404297,0.0
DOC005,MOL05,2025-01,30.599999999999998,37.72328301619188,22.2547647499996,0.0
DOC005,MOL05,2025-02,22.8,30.965096240712516,15.486299225112868,0.0
DOC005,MOL05,2025-03,0.0,18.852582115619,5.04384329220205,1.0
DOC005,MOL05,2025-04,76.8,132.4220471924696,57.349423553339776,0.0
DOC005,MOL05,2025-05,0.0,52.23566971729454,16.58465224920708,1.0
DOC005,MOL05,2025-06,0.0,129.62646527871928,27.130932448068464,1.0
DOC006,MOL01,2025-02,59.699999999999996,0.0,33.410271206001156,0.0
DOC006,MOL01,2025-04,16.7,0.0,6.271331058020478,0.0
DOC006,MOL02,2025-01,0.0,42.33989900614322,12.263016297503833,1.0
DOC006,MOL02,2025-02,6.4,54.96890968608397,14.718545388221527,0.0
DOC006,MOL02,2025-03,0.0,26.30950453265532,12.575582456843174,1.0
DOC006,MOL02,2025-04,16.0,64.93480660965166,21.142480087636084,0.0
DOC006,MOL02,2025-05,8.3,61.437190894920846,13.458789142803933,0.0
DOC006,MOL02,2025-06,0.0,47.24130680211477,17.244264131099037,1.0
DOC006,MOL03,2025-01,0.0,39.89080119502395,16.522316150804826,1.0
DOC006,MOL03,2025-02,76.2,69.62535518922982,63.35594972704525,0.0
DOC006,MOL03,2025-03,13.4,58.29797992394253,15.917788004492369,0.0
DOC006,MOL03,2025-04,45.3,88.7446078516525,39.76351641325441,0.0
DOC006,MOL03,2025-05,0.0,119.84847703309703,44.126155804059245,1.0
DOC006,MOL03,2025-06,0.0,80.9110971996653,39.14980303749686,1.0
DOC006,MOL04,2025-01,9.0,0.0,3.717647058823529,0.0
DOC006,MOL04,2025-03,118.19999999999999,0.0,88.45130026678827,0.0
DOC006,MOL05,2025-02,27.6,0.0,15.194132032059255,0.0
DOC006,MOL05,2025-04,15.9,0.0,0.0,0.0
DOC007,MOL01,2025-01,27.0,0.0,20.298260149130076,0.0
DOC007,MOL01,2025-03,19.6,0.0,9.26068161199193,0.0
DOC007,MOL01,2025-04,48.599999999999994,0.0,19.880546075085327,0.0
DOC007,MOL01,2025-05,56.699999999999996,0.0,18.12910707383069,0.0
DOC007,MOL01,2025-06,27.599999999999998,0.0,19.341157925014333,0.0
DOC007,MOL02,2025-01,34.199999999999996,0.0,15.213557718059786,0.0
DOC007,MOL02,2025-03,12.700000000000001,0.0,7.8354554358472095,0.0
DOC007,MOL02,2025-04,15.0,0.0,4.926855735334676,0.0
DOC007,MOL02,2025-05,102.39999999999999,0.0,65.71978989398363,0.0
DOC007,MOL03,2025-01,0.0,47.96094773526851,20.28989156641854,1.0
DOC007,MOL03,2025-02,1.0,58.56635569902819,8.473835554040212,0.0
DOC007,MOL03,2025-03,0.0,45.83216951280542,16.563449884874178,1.0
DOC007,MOL03,2025-04,34.5,65.00463804855744,28.50470240269666,0.0
DOC007,MOL03,2025-05,0.0,61.76264194624918,20.059101697223607,1.0
DOC007,MOL03,2025-06,0.0,75.89935555646755,36.5147532519708,1.0
DOC007,MOL04,2025-01,1.1,0.0,0.0,0.0
DOC007,MOL04,2025-02,9.700000000000001,0.0,1.419278900409298,0.0
DOC007,MOL04,2025-03,48.3,0.0,33.099949428395256,0.0
DOC007,MOL04,2025-05,53.1,0.0,22.77793139880345,0.0
DOC007,MOL04,2025-06,117.6,0.0,81.68013259049036,0.0
DOC007,MOL05,2025-01,0.0,47.492333159198665,19.238644288654484,1.0
DOC007,MOL05,2025-02,0.0,65.59869310709988,25.552470191392405,1.0
DOC007,MOL05,2025-03,0.0,86.31551199448643,27.353013225689953,1.0
DOC007,MOL05,2025-04,0.0,87.94722394742655,27.85624682634792,1.0
DOC007,MOL05,2025-05,15.899999999999999,58.49161746579781,14.661385632618106,0.0
DOC007,MOL05,2025-06,68.6,79.80139606481907,24.942777145443696,0.0
DOC008,MOL02,2025-01,26.0,0.0,11.16319494896595,0.0
DOC008,MOL02,2025-03,37.3,0.0,31.929480901077373,0.0
DOC008,MOL02,2025-04,69.3,0.0,51.05241891269209,0.0
DOC008,MOL02,2025-06,124.5,0.0,76.22067216233354,0.0
DOC008,MOL03,2025-01,0.0,123.14058659102099,55.38776218068207,1.0
DOC008,MOL03,2025-02,0.0,43.54225263647275,16.178287730108586,1.0
DOC008,MOL03,2025-03,61.199999999999996,108.42409960772719,65.62856691504525,0.0
DOC008,MOL03,2025-04,0.0,97.3525218370939,39.82343059994902,1.0
DOC008,MOL03,2025-05,0.0,99.67476865834584,35.76746163594192,1.0
DOC008,MOL03,2025-06,0.0,56.73484728028225,26.438528853728847,1.0
DOC008,MOL04,2025-01,100.2,0.0,46.635294117647064,0.0
DOC008,MOL04,2025-04,67.2,0.0,48.306011607470246,0.0
DOC008,MOL04,2025-05,80.39999999999999,0.0,38.42872926675197,0.0
DOC008,MOL04,2025-06,22.5,0.0,12.63319384066251,0.0
DOC008,MOL05,2025-01,0.0,149.0784874600771,62.58037780124568,1.0
DOC008,MOL05,2025-02,30.0,32.57039217165553,19.425525991027975,0.0
DOC008,MOL05,2025-03,31.799999999999997,57.46907321630242,20.580203904811906,0.0
DOC008,MOL05,2025-04,75.6,182.5074783385701,67.62439772676447,0.0
DOC008,MOL05,2025-05,0.0,92.20881285820191,33.90028713805584,1.0
DOC008,MOL05,2025-06,0.0,133.70062077229557,28.050710186769507,1.0
DOC009,MOL01,2025-03,63.599999999999994,0.0,40.60452706796462,0.0
DOC009,MOL01,2025-05,64.5,0.0,21.144182450715114,0.0
DOC009,MOL01,2025-06,79.2,0.0,62.7326252698291,0.0
DOC009,MOL02,2025-01,0.0,87.8196917432002,27.239411358339606,1.0
DOC009,MOL02,2025-02,0.0,57.9638873046594,27.548092713964365,1.0
DOC009,MOL02,2025-03,0.0,48.0398542871159,26.76451471571394,1.0
DOC009,MOL02,2025-04,58.5,59.31986395514065,47.631896639345044,0.0
DOC009,MOL02,2025-05,0.0,73.10498010359453,28.55705160733945,1.0
DOC009,MOL02,2025-06,20.099999999999998,46.10778201235306,16.93252631840056,0.0
DOC009,MOL03,2025-01,0.0,41.748328279160845,17.389509000541945,1.0
DOC009,MOL03,2025-02,0.0,52.84507814325823,21.65269500192675,1.0
DOC009,MOL03,2025-03,56.4,75.90274144530599,52.18411483557994,0.0
DOC009,MOL03,2025-04,0.0,82.11269355968597,32.811477269429254,1.0
DOC009,MOL03,2025-05,0.0,70.99801930239143,23.885651254357327,1.0
DOC009,MOL03,2025-06,0.0,52.66863878838958,24.300617010446064,1.0
DOC009,MOL04,2025-01,38.2,0.0,17.458823529411767,0.0
DOC009,MOL04,2025-02,68.39999999999999,0.0,39.28822047042101,0.0
DOC009,MOL04,2025-03,111.5,0.0,83.14580598041871,0.0
DOC009,MOL04,2025-06,127.19999999999999,0.0,88.65017057154553,0.0
DOC009,MOL05,2025-06,38.7,0.0,10.971892990179478,0.0
DOC010,MOL01,2025-01,0.0,50.794507596480756,25.984262687920882,1.0
DOC010,MOL01,2025-02,0.0,80.74492886023111,30.023053995087945,1.0
DOC010,MOL01,2025-03,0.0,88.70793285003501,37.42641921145714,1.0
DOC010,MOL01,2025-04,19.200000000000003,79.33216082129199,16.799226510422642,0.0
DOC010,MOL01,2025-05,0.0,122.8304443692446,27.865080368314548,1.0
DOC010,MOL01,2025-06,0.0,49.02422273162263,23.61539838610991,1.0
DOC010,MOL02,2025-02,118.8,0.0,94.57936187269712,0.0
DOC010,MOL02,2025-04,11.4,0.0,1.868807347885566,0.0
DOC010,MOL02,2025-06,15.0,0.0,6.785034876347494,0.0
DOC010,MOL03,2025-01,90.6,0.0,61.34453781512603,0.0
DOC010,MOL03,2025-02,18.0,0.0,6.443715361820476,0.0
DOC010,MOL03,2025-05,8.899999999999999,0.0,0.0,0.0
DOC010,MOL03,2025-06,24.000000000000004,0.0,15.53665905104649,0.0
DOC010,MOL04,2025-01,0.0,53.83165435883766,16.370715092968677,1.0
DOC010,MOL04,2025-02,40.6,38.38039866909603,23.78662665554192,0.0
DOC010,MOL04,2025-03,0.0,91.18504452416401,42.990364520716824,1.0
DOC010,MOL04,2025-04,25.4,36.631009623171224,21.586714506059106,0.0
DOC010,MOL04,2025-05,10.700000000000001,61.314541212539496,8.82430067787187,0.0
DOC010,MOL04,2025-06,116.39999999999999,89.44269615508667,83.67499041226992,0.0
DOC010,MOL05,2025-03,93.9,0.0,45.386904761904766,0.0
DOC010,MOL05,2025-04,107.1,0.0,59.45241199478488,0.0
DOC010,MOL05,2025-06,9.6,0.0,1.1175076193701319,0.0
DOC011,MOL01,2025-01,2.5,0.0,0.0,0.0
DOC011,MOL01,2025-02,175.1,0.0,100.0,0.0
DOC011,MOL01,2025-05,70.5,0.0,23.46347120216467,0.0
DOC011,MOL02,2025-01,9.6,0.0,3.062469410778269,0.0
DOC011,MOL02,2025-02,15.6,0.0,8.278830084347492,0.0
DOC011,MOL02,2025-03,17.5,0.0,12.536728697355533,0.0
DOC011,MOL02,2025-05,72.6,0.0,45.08280634455569,0.0
DOC011,MOL03,2025-01,0.0,67.72448691543124,29.516567187409542,1.0
DOC011,MOL03,2025-02,66.6,73.17287727420083,57.80891769282361,0.0
DOC011,MOL03,2025-03,0.0,51.1450508326417,19.830904571120353,1.0
DOC011,MOL03,2025-04,0.0,43.14385220794447,14.881636333628661,1.0
DOC011,MOL03,2025-05,0.0,72.22347598103391,24.393402105255397,1.0
DOC011,MOL03,2025-06,52.8,50.2255892336834,42.20019202863076,0.0
DOC011,MOL04,2025-01,67.4,87.36343627022903,37.855702421473836,0.0
DOC011,MOL04,2025-02,0.0,36.58766185064417,10.897336015249957,1.0
DOC011,MOL04,2025-03,0.0,82.37956143682732,38.3418630074244,1.0
DOC011,MOL04,2025-04,0.0,60.612922986177644,27.989136581829182,1.0
DOC011,MOL04,2025-05,0.0,63.99498672222564,16.794697004896324,1.0
DOC011,MOL04,2025-06,31.2,78.3612224124942,32.88048195721075,0.0
DOC011,MOL05,2025-04,169.29999999999998,0.0,100.0,0.0
DOC011,MOL05,2025-05,163.2,0.0,100.0,0.0
DOC012,MOL01,2025-02,22.5,0.0,11.944604731679169,0.0
DOC012,MOL01,2025-03,17.6,0.0,7.8359613639931744,0.0
DOC012,MOL01,2025-04,100.2,0.0,41.894197952218434,0.0
DOC012,MOL02,2025-02,38.4,0.0,27.34522664223869,0.0
DOC012,MOL02,2025-04,96.0,0.0,73.73294445293965,0.0
DOC012,MOL02,2025-05,49.8,0.0,29.293436380563836,0.0
DOC012,MOL03,2025-01,0.0,50.7846775540886,21.608159455690288,1.0
DOC012,MOL03,2025-02,27.0,42.53497853956608,21.607036498189906,0.0
DOC012,MOL03,2025-03,95.69999999999999,57.366897293276395,74.68231774085989,0.0
DOC012,MOL03,2025-04,0.0,75.31635225584057,29.68443232027493,1.0
DOC012,MOL03,2025-05,0.0,140.60899849641964,52.72798777560372,1.0
DOC012,MOL03,2025-06,0.0,84.4013426068374,40.984887737859424,1.0
DOC012,MOL05,2025-01,0.0,75.06877934069507,31.00413526376068,1.0
DOC012,MOL05,2025-02,0.0,30.6593729150818,10.596567738133258,1.0
DOC012,MOL05,2025-03,2.4000000000000004,37.91911703566937,6.00514501251147,0.0
DOC012,MOL05,2025-04,95.39999999999999,104.1121102346111,60.62844637866387,0.0
DOC012,MOL05,2025-05,13.100000000000001,76.09182270790285,17.058368935362687,0.0
DOC012,MOL05,2025-06,0.0,103.32058738861092,21.19214073566111,1.0
DOC013,MOL01,2025-04,87.0,0.0,36.262798634812285,0.0
DOC013,MOL02,2025-01,9.6,104.22903626489725,19.16991194019578,0.0
DOC013,MOL02,2025-02,60.0,120.44167867389456,67.83112492192117,0.0
DOC013,MOL02,2025-03,0.0,30.03512677736182,15.008244712609741,1.0
DOC013,MOL02,2025-04,0.0,80.31824555837377,37.669632141801635,1.0
DOC013,MOL02,2025-05,33.6,52.59048308176124,25.043806651317645,0.0
DOC013,MOL02,2025-06,21.3,60.60435413645117,20.58853395401631,0.0
DOC013,MOL03,2025-02,45.6,0.0,30.80625563390885,0.0
DOC013,MOL03,2025-05,29.4,0.0,12.7408328154133,0.0
DOC013,MOL04,2025-01,0.0,81.65455313311124,25.099467649603525,1.0
DOC013,MOL04,2025-02,163.8,105.32487975384286,100.0,0.0
DOC013,MOL04,2025-03,0.0,20.184883706401948,5.508678197337959,1.0
DOC013,MOL04,2025-04,0.0,90.92683948538337,43.314562037386644,1.0
DOC013,MOL04,2025-05,52.8,22.26621485047066,20.134344400953488,0.0
DOC013,MOL04,2025-06,0.0,126.86402333898431,57.70321323243882,1.0
DOC013,MOL05,2025-01,37.199999999999996,0.0,22.78311041008033,0.0
DOC013,MOL05,2025-03,67.3,0.0,32.192460317460316,0.0
DOC014,MOL01,2025-01,15.0,0.0,10.35625517812759,0.0
DOC014,MOL01,2025-02,82.2,0.0,46.393537218695904,0.0
DOC014,MOL01,2025-05,268.5,0.0,100.0,0.0
DOC014,MOL02,2025-01,3.4000000000000004,0.0,0.0,0.0
DOC014,MOL02,2025-03,105.0,0.0,98.23702252693437,0.0
DOC014,MOL02,2025-05,42.0,0.0,23.891809813935048,0.0
DOC014,MOL03,2025-01,0.0,64.58768700086416,28.052141456986067,1.0
DOC014,MOL03,2025-02,0.0,63.449177087272936,27.89285895295979,1.0
DOC014,MOL03,2025-03,0.0,47.73273615858882,17.732310060632727,1.0
DOC014,MOL03,2025-04,0.0,46.94131205558559,16.62887460570657,1.0
DOC014,MOL03,2025-05,6.9,80.9016133911488,14.564245575129231,0.0
DOC014,MOL03,2025-06,52.8,56.79768495783989,43.927914710814505,0.0
DOC014,MOL04,2025-01,174.9,69.33309969132932,74.3738195594242,0.0
DOC014,MOL04,2025-02,4.7,39.324198722792715,5.976210435056776,0.0
DOC014,MOL04,2025-03,0.0,93.07859356254632,43.98998776490566,1.0
DOC014,MOL04,2025-04,0.0,75.0772480573396,35.301683465992156,1.0
DOC014,MOL04,2025-05,0.0,65.90274314397655,17.523827899599727,1.0
DOC014,MOL04,2025-06,0.0,78.14303322105195,34.12077214934142,1.0
DOC014,MOL05,2025-02,8.6,0.0,2.994603890831665,0.0
DOC014,MOL05,2025-04,105.9,0.0,58.67014341590614,0.0
DOC014,MOL05,2025-05,55.199999999999996,0.0,29.824561403508774,0.0
DOC015,MOL01,2025-01,0.0,55.782472516951785,28.739283356504714,1.0
DOC015,MOL01,2025-02,30.1,14.908593026653211,15.337935441428455,0.0
DOC015,MOL01,2025-03,0.0,133.1330859267573,58.52422424774066,1.0
DOC015,MOL01,2025-04,0.0,53.119616277176654,14.254725903633862,1.0
DOC015,MOL01,2025-05,0.0,90.15760345370191,19.445330100167997,1.0
DOC015,MOL01,2025-06,42.6,160.56137240980274,69.00066635965597,0.0
DOC015,MOL02,2025-01,33.0,0.0,14.620821703070447,0.0
DOC015,MOL02,2025-03,46.8,0.0,41.234084231145935,0.0
DOC015,MOL02,2025-05,94.8,0.0,60.45666657265302,0.0
DOC015,MOL03,2025-01,0.0,14.4286966813785,4.6352458829964975,1.0
DOC015,MOL03,2025-02,0.0,93.87434064202992,45.79706843092218,1.0
DOC015,MOL03,2025-03,61.8,60.10655866286031,51.201278801617555,0.0
DOC015,MOL03,2025-04,0.0,98.25562454327144,40.23895457522705,1.0
DOC015,MOL03,2025-05,0.0,25.1343249827275,4.882670388534285,1.0
DOC015,MOL03,2025-06,77.7,130.519328700257,78.58219448026375,0.0
DOC015,MOL04,2025-01,11.9,0.0,5.082352941176471,0.0
DOC015,MOL04,2025-02,9.9,0.0,1.5483042549919612,0.0
DOC015,MOL04,2025-05,35.699999999999996,0.0,12.802697592858237,0.0
DOC015,MOL05,2025-02,11.8,0.0,5.0492612619857855,0.0
DOC015,MOL05,2025-05,52.8,0.0,28.26510721247563,0.0
DOC016,MOL01,2025-01,0.0,118.96106079812984,63.63494106497091,1.0
DOC016,MOL01,2025-02,0.0,144.72770208946523,54.63654629331225,1.0
DOC016,MOL01,2025-03,0.0,137.52256027726435,60.60881524282019,1.0
DOC016,MOL01,2025-04,0.0,172.1287845296911,48.102612209809756,1.0
DOC016,MOL01,2025-05,0.0,127.25066761506747,29.004166374195968,1.0
DOC016,MOL01,2025-06,0.0,78.88953224099527,40.358287304956534,1.0
DOC016,MOL02,2025-01,14.5,51.30980235085362,12.33930433229182,0.0
DOC016,MOL02,2025-02,50.4,51.21844024166205,42.29128577181646,0.0
DOC016,MOL02,2025-03,0.0,33.205697045015825,17.078483215811836,1.0
DOC016,MOL02,2025-04,29.4,70.06199361540268,31.447495415043104,0.0
DOC016,MOL02,2025-05,0.0,58.42123865434099,21.777898794536352,1.0
DOC016,MOL02,2025-06,12.9,49.6986678207223,14.140492035663133,0.0
DOC016,MOL03,2025-01,7.1000000000000005,0.0,2.8711484593837535,0.0
DOC016,MOL03,2025-04,22.900000000000002,0.0,10.835522417174309,0.0
DOC016,MOL03,2025-05,58.8,0.0,31.0130515848353,0.0
DOC016,MOL04,2025-02,7.5,0.0,0.0,0.0
DOC016,MOL04,2025-04,92.39999999999999,0.0,67.41608213350241,0.0
DOC016,MOL04,2025-06,15.299999999999999,0.0,7.405665354871125,0.0
DOC016,MOL05,2025-01,53.199999999999996,0.0,33.02271059438609,0.0
DOC017,MOL01,2025-01,58.199999999999996,0.0,46.147473073736535,0.0
DOC017,MOL01,2025-03,16.400000000000002,0.0,6.981129215193918,0.0
DOC017,MOL01,2025-06,4.800000000000001,0.0,0.16818398195664694,0.0
DOC017,MOL02,2025-01,54.0,0.0,24.993701965383934,0.0
DOC017,MOL04,2025-01,0.0,77.3048242846553,23.73484683440166,1.0
DOC017,MOL04,2025-02,0.0,91.45534795890374,34.495078199411516,1.0
DOC017,MOL04,2025-03,162.2,19.8858759067787,100.0,0.0
DOC017,MOL04,2025-04,0.0,84.50619684464812,40.06855850069616,1.0
DOC017,MOL04,2025-05,86.4,20.45743206353855,34.77065281440727,0.0
DOC017,MOL04,2025-06,5.7,113.99661130451565,27.10488314381763,0.0
DOC017,MOL05,2025-01,0.0,63.10021950073434,25.897749116129994,1.0
DOC017,MOL05,2025-02,0.0,60.888224110639015,23.536136890315067,1.0
DOC017,MOL05,2025-03,0.0,23.521764021621923,6.587884927785027,1.0
DOC017,MOL05,2025-04,0.0,184.51810736689,69.82534001168624,1.0
DOC017,MOL05,2025-05,0.0,119.42080287866332,45.68802377243376,1.0
DOC017,MOL05,2025-06,129.3,101.08240779106907,43.332476328148665,0.0
DOC018,MOL01,2025-02,16.5,0.0,8.482400461627236,0.0
DOC018,MOL01,2025-06,13.799999999999999,0.0,7.736463170005732,0.0
DOC018,MOL02,2025-05,150.1,0.0,98.75281389759817,0.0
DOC018,MOL03,2025-01,59.7,0.0,39.705882352941174,0.0
DOC018,MOL03,2025-02,101.39999999999999,0.0,80.06095661878318,0.0
DOC018,MOL03,2025-05,19.3,0.0,6.463642013673088,0.0
DOC018,MOL03,2025-06,18.8,0.0,11.435611991887008,0.0
DOC018,MOL04,2025-01,36.0,26.481609837357908,16.812801543114965,0.0
DOC018,MOL04,2025-02,0.0,46.86848462602849,15.318958695234905,1.0
DOC018,MOL04,2025-03,111.6,56.24363845568103,78.43253114714837,0.0
DOC018,MOL04,2025-04,0.0,7.63028576606554,1.2033711339053703,1.0
DOC018,MOL04,2025-05,14.700000000000001,88.4715758271342,15.797479833916919,0.0
DOC018,MOL04,2025-06,0.0,81.34318827285381,35.66974452825284,1.0
DOC018,MOL05,2025-01,19.8,101.01751847828716,30.381217676221645,0.0
DOC018,MOL05,2025-02,0.0,58.01133350040644,22.30467345316539,1.0
DOC018,MOL05,2025-03,21.9,35.356538539569705,13.104586398738377,0.0
DOC018,MOL05,2025-04,0.0,56.68459699601686,14.269707516739183,1.0
DOC018,MOL05,2025-05,0.0,15.54802521368267,0.6922353102372397,1.0
DOC018,MOL05,2025-06,278.4,28.20278884275057,74.3766552480811,0.0
DOC019,MOL01,2025-02,1.8,0.0,0.0,0.0
DOC019,MOL01,2025-06,51.3,0.0,39.27095978687693,0.0
DOC019,MOL02,2025-03,18.599999999999998,0.0,13.614103819784523,0.0
DOC019,MOL02,2025-06,8.700000000000001,0.0,2.7901077996195314,0.0
DOC019,MOL03,2025-01,9.200000000000001,79.53385725704135,21.47537906715873,0.0
DOC019,MOL03,2025-02,0.0,52.618323403406976,21.51925728498199,1.0
DOC019,MOL03,2025-03,75.0,65.54143119073203,62.34361352728537,0.0
DOC019,MOL03,2025-04,0.0,125.61319660992368,52.82636796833414,1.0
DOC019,MOL03,2025-05,0.0,142.86965095373566,53.664657532105075,1.0
DOC019,MOL03,2025-06,56.699999999999996,87.72578705371971,54.45080768415062,0.0
DOC019,MOL04,2025-01,59.4,0.0,27.435294117647057,0.0
DOC019,MOL04,2025-03,28.2,0.0,17.18346656928653,0.0
DOC019,MOL05,2025-01,0.0,126.24323525109804,52.83771727092358,1.0
DOC019,MOL05,2025-02,17.1,50.19338416899043,16.755111776171226,0.0
DOC019,MOL05,2025-03,0.0,86.13403727130293,27.293001743155727,1.0
DOC019,MOL05,2025-04,0.0,129.44278169208522,45.889952930067466,1.0
DOC019,MOL05,2025-05,0.0,143.21572125914798,55.99554743736105,1.0
DOC019,MOL05,2025-06,0.0,95.98702887060689,19.536523054657835,1.0
DOC020,MOL01,2025-01,121.6,0.0,98.67439933719967,0.0
DOC020,MOL01,2025-02,37.0,0.0,20.311598384304677,0.0
DOC020,MOL01,2025-04,45.0,0.0,18.344709897610926,0.0
DOC020,MOL01,2025-05,89.4,0.0,30.769230769230777,0.0
DOC020,MOL02,2025-01,108.6,0.0,51.96319064739902,0.0
DOC020,MOL02,2025-02,46.8,0.0,34.36968853198807,0.0
DOC020,MOL02,2025-03,11.100000000000001,0.0,6.2683643486777685,0.0
DOC020,MOL02,2025-06,65.39999999999999,0.0,38.74445149017121,0.0
DOC020,MOL03,2025-01,0.0,143.05729107481676,64.68594354566606,1.0
DOC020,MOL03,2025-02,0.0,50.880133324063706,20.49638951182873,1.0
DOC020,MOL03,2025-03,0.0,32.0814304525505,8.106660794926505,1.0
DOC020,MOL03,2025-04,119.4,177.68139501374188,100.0,0.0
DOC020,MOL03,2025-05,0.0,53.51234342301418,16.640705789523167,1.0
DOC020,MOL03,2025-06,0.0,56.945307844282446,26.549183812326543,1.0
DOC020,MOL04,2025-01,0.0,138.74867473277345,43.01134893577207,1.0
DOC020,MOL04,2025-02,0.0,123.61171135897686,48.32503216535623,1.0
DOC020,MOL04,2025-03,0.0,172.25938155740556,85.79030799345952,1.0
DOC020,MOL04,2025-04,0.0,141.7174966016718,68.99215567642871,1.0
DOC020,MOL04,2025-05,51.6,10.42778771764422,17.336993190201845,0.0
DOC020,MOL04,2025-06,0.0,78.09988554716124,34.099887362826664,1.0
DOC020,MOL05,2025-01,55.8,0.0,34.68664562433578,0.0
DOC020,MOL05,2025-02,47.699999999999996,0.0,28.09994864462107,0.0
DOC020,MOL05,2025-03,181.8,0.0,88.98809523809524,0.0
DOC020,MOL05,2025-04,33.3,0.0,11.342894393741853,0.0
DOC020,MOL05,2025-05,9.3,0.0,0.0,0.0
DOC020,MOL05,2025-06,42.3,0.0,12.19099221131053,0.0
DOC021,MOL01,2025-02,99.0,0.0,56.087709174841315,0.0
DOC021,MOL01,2025-06,4.6000000000000005,0.0,0.0,0.0
DOC021,MOL02,2025-01,0.0,62.72167880236434,18.974691261282942,1.0
DOC021,MOL02,2025-02,0.0,44.76498330188135,20.18974365412508,1.0
DOC021,MOL02,2025-03,0.0,24.967686869241618,11.699436414783948,1.0
DOC021,MOL02,2025-04,0.0,58.24887288134803,25.171630377543853,1.0
DOC021,MOL02,2025-05,151.6,101.96951235327936,100.0,0.0
DOC021,MOL02,2025-06,0.0,48.800105075936756,17.903236134405727,1.0
DOC021,MOL03,2025-01,120.2,40.48018408497532,72.81672519879598,0.0
DOC021,MOL03,2025-02,50.699999999999996,51.099011722624994,40.39797949770997,0.0
DOC021,MOL03,2025-03,0.0,55.665980667538065,22.61130422357814,1.0
DOC021,MOL03,2025-04,0.0,43.273197061574834,14.941148820297789,1.0
DOC021,MOL03,2025-05,115.8,65.15932231801087,63.94433857841532,0.0
DOC021,MOL03,2025-06,112.8,35.68168017186588,75.18104669502033,0.0
DOC021,MOL04,2025-01,12.0,0.0,5.129411764705882,0.0
DOC021,MOL04,2025-03,55.8,0.0,39.03893556985373,0.0
DOC021,MOL04,2025-05,88.2,0.0,42.90038580045155,0.0
DOC021,MOL05,2025-01,6.6000000000000005,0.0,3.199875057595552,0.0
DOC021,MOL05,2025-03,7.300000000000001,0.0,2.430555555555556,0.0
DOC021,MOL05,2025-06,139.2,0.0,45.00507958008804,0.0
DOC022,MOL01,2025-02,27.3,0.0,14.714368147720716,0.0
DOC022,MOL01,2025-04,13.2,0.0,4.778156996587031,0.0
DOC022,MOL01,2025-05,17.099999999999998,0.0,2.821801314263625,0.0
DOC022,MOL02,2025-01,0.0,57.523097812726846,17.26281005050679,1.0
DOC022,MOL02,2025-02,0.0,58.00697449999569,27.57211369504183,1.0
DOC022,MOL02,2025-03,0.0,40.85726847032229,22.074612125577726,1.0
DOC022,MOL02,2025-04,31.5,70.29552351335275,32.90106789896421,0.0
DOC022,MOL02,2025-05,0.0,49.385009566550124,17.60607528148037,1.0
DOC022,MOL02,2025-06,0.0,66.67316632217207,25.458958495950988,1.0
DOC022,MOL03,2025-02,84.0,0.0,64.70196383855358,0.0
DOC022,MOL03,2025-05,9.8,0.0,0.559353635798633,0.0
DOC022,MOL03,2025-06,34.8,0.0,24.05421832776232,0.0
DOC022,MOL04,2025-01,0.0,39.96882457036237,12.02159202207447,1.0
DOC022,MOL04,2025-02,0.0,117.42466612152393,45.66407981341841,1.0
DOC022,MOL04,2025-03,79.2,16.36567764619971,47.95155297419748,0.0
DOC022,MOL04,2025-04,15.4,51.28056355942872,19.391639946394765,0.0
DOC022,MOL04,2025-05,0.0,35.56749034298174,5.929910686864957,1.0
DOC022,MOL04,2025-06,0.0,214.24858725504416,100.0,1.0
DOC022,MOL05,2025-02,115.19999999999999,0.0,71.44037756740327,0.0
DOC023,MOL01,2025-01,46.8,101.20600582127535,56.03590329226053,0.0
DOC023,MOL01,2025-02,7.199999999999999,171.82246994076976,35.24186765546639,0.0
DOC023,MOL01,2025-03,29.4,94.91257080329207,34.12503491923424,0.0
DOC023,MOL01,2025-04,16.7,78.52151640031406,15.854406010662789,0.0
DOC023,MOL01,2025-05,0.0,98.49807593679346,21.594659434813412,1.0
DOC023,MOL01,2025-06,0.0,31.123476309843475,13.580002342073216,1.0
DOC023,MOL02,2025-01,0.0,22.72724627695183,5.804613174131195,1.0
DOC023,MOL02,2025-02,6.4,25.67519551650389,6.55296686467284,0.0
DOC023,MOL02,2025-03,0.0,31.66324048573141,16.071329079811562,1.0
DOC023,MOL02,2025-04,62.5,46.73514985533464,46.7112596291696,0.0
DOC023,MOL02,2025-05,8.3,58.92188908445359,12.878160036713787,0.0
DOC023,MOL02,2025-06,38.1,23.50697174470714,21.032968028896033,0.0
DOC023,MOL03,2025-01,72.89999999999999,0.0,48.949579831932766,0.0
DOC023,MOL03,2025-03,13.4,0.0,0.7380073800737996,0.0
DOC023,MOL03,2025-05,61.8,0.0,32.87756370416407,0.0
DOC023,MOL03,2025-06,107.39999999999999,0.0,81.31114457679658,0.0
DOC023,MOL04,2025-02,115.19999999999999,0.0,69.48015344276425,0.0
DOC023,MOL04,2025-04,110.39999999999999,0.0,81.0661325092397,0.0
DOC023,MOL04,2025-05,75.0,0.0,35.3329670511138,0.0
DOC023,MOL05,2025-01,61.199999999999996,0.0,38.14251068653898,0.0
DOC023,MOL05,2025-02,45.6,0.0,26.75157974480118,0.0
DOC023,MOL05,2025-04,54.3,0.0,25.03259452411995,0.0
DOC024,MOL01,2025-02,16.0,0.0,8.19388343912291,0.0
DOC024,MOL01,2025-04,13.9,0.0,5.07679180887372,0.0
DOC024,MOL02,2025-02,27.9,0.0,18.564649280051952,0.0
DOC024,MOL02,2025-03,4.7,0.0,0.0,0.0
DOC024,MOL02,2025-04,88.8,0.0,67.61684767804144,0.0
DOC024,MOL03,2025-01,0.0,45.00009106991346,18.90760554150955,1.0
DOC024,MOL03,2025-02,0.0,80.01658357659079,37.64223353750242,1.0
DOC024,MOL03,2025-03,51.900000000000006,85.24582937562093,51.82836081661159,0.0
DOC024,MOL03,2025-04,45.89999999999999,88.45659470170024,40.019332940670445,0.0
DOC024,MOL03,2025-05,55.199999999999996,104.24975952413227,42.74906971703589,0.0
DOC024,MOL03,2025-06,126.6,97.89066060356957,100.0,0.0
DOC024,MOL04,2025-02,51.3,0.0,28.25655265360329,0.0
DOC024,MOL05,2025-01,160.2,99.76830282465136,100.0,0.0
DOC024,MOL05,2025-02,0.0,61.28182847541808,23.70462066310918,1.0
DOC024,MOL05,2025-03,0.0,60.057791950064676,18.669904745391754,1.0
DOC024,MOL05,2025-04,0.0,134.24287807800252,47.976044362452214,1.0
DOC024,MOL05,2025-05,4.1000000000000005,45.68081585142324,5.923214753755665,0.0
DOC024,MOL05,2025-06,0.0,70.65920478367192,13.81853590330103,1.0
DOC025,MOL01,2025-01,9.700000000000001,0.0,5.965202982601491,0.0
DOC025,MOL01,2025-03,45.6,0.0,27.782044835975796,0.0
DOC025,MOL02,2025-01,9.0,0.0,2.7661014032835975,0.0
DOC025,MOL02,2025-04,37.8,0.0,24.294495522512367,0.0
DOC025,MOL02,2025-06,162.0,0.0,100.0,0.0
DOC025,MOL03,2025-01,0.0,9.033360438188689,2.116414770396213,1.0
DOC025,MOL03,2025-02,0.0,41.13174154313427,14.75978112170823,1.0
DOC025,MOL03,2025-03,0.0,46.79961658394509,17.15843578348406,1.0
DOC025,MOL03,2025-04,0.0,81.61121073992938,32.580741459013105,1.0
DOC025,MOL03,2025-05,0.0,63.82737381616523,20.914594496028677,1.0
DOC025,MOL03,2025-06,0.0,89.87223327357968,43.86134672245256,1.0
DOC025,MOL04,2025-01,0.0,72.12200900330392,22.108865569663973,1.0
DOC025,MOL04,2025-02,84.0,73.43764422006385,53.10202850883553,0.0
DOC025,MOL04,2025-03,60.0,28.977601187792068,39.45535119612242,0.0
DOC025,MOL04,2025-04,0.0,48.09191674321184,21.65904895325866,1.0
DOC025,MOL04,2025-05,86.4,16.10551726503644,33.93901741941471,0.0
DOC025,MOL04,2025-06,0.0,74.10237822972427,32.16497223559877,1.0
DOC025,MOL05,2025-03,58.8,0.0,27.976190476190478,0.0
DOC025,MOL05,2025-06,18.3,0.0,4.063664070436843,0.0
DOC026,MOL01,2025-01,78.6,49.43682593065294,62.23055120979093,0.0
DOC026,MOL01,2025-02,49.5,85.84666153738625,37.68929823761998,0.0
DOC026,MOL01,2025-03,107.39999999999999,85.74454361754188,75.1645701142397,0.0
DOC026,MOL01,2025-04,0.0,31.93817965784071,8.23042652384548,1.0
DOC026,MOL01,2025-05,0.0,157.90682527787743,36.90421988864255,1.0
DOC026,MOL01,2025-06,0.0,13.55971843476769,3.7335265502310477,1.0
DOC026,MOL02,2025-01,0.0,70.75061393002787,21.618601823604735,1.0
DOC026,MOL02,2025-02,0.0,53.97733690058131,25.325602921503133,1.0
DOC026,MOL02,2025-03,10.799999999999999,28.984634554485538,13.08672365474552,0.0
DOC026,MOL02,2025-04,0.0,61.14727788170731,26.813012365974064,1.0
DOC026,MOL02,2025-05,46.199999999999996,98.16149757528535,42.35002133573355,0.0
DOC026,MOL02,2025-06,0.0,46.41937534815822,16.896797864366185,1.0
DOC026,MOL03,2025-01,53.1,0.0,35.08403361344537,0.0
DOC026,MOL03,2025-03,12.600000000000001,0.0,0.0,0.0
DOC026,MOL03,2025-05,57.9,0.0,30.453697949036663,0.0
DOC026,MOL03,2025-06,56.4,0.0,41.08933688119401,0.0
DOC026,MOL04,2025-01,19.6,0.0,8.705882352941178,0.0
DOC026,MOL04,2025-03,6.5,0.0,0.0,0.0
DOC026,MOL04,2025-05,44.1,0.0,17.618327706073174,0.0
DOC026,MOL04,2025-06,97.8,0.0,67.30442925456406,0.0
DOC026,MOL05,2025-06,38.7,0.0,10.971892990179478,0.0
DOC027,MOL01,2025-01,33.9,0.0,26.014913007456503,0.0
DOC027,MOL01,2025-02,19.6,0.0,10.271206001154068,0.0
DOC027,MOL02,2025-02,42.0,0.0,30.35571030927414,0.0
DOC027,MOL02,2025-04,9.200000000000001,0.0,0.0,0.0
DOC027,MOL02,2025-05,18.3,0.0,7.4791752461014065,0.0
DOC027,MOL03,2025-01,0.0,23.51683360480071,8.878073578338332,1.0
DOC027,MOL03,2025-02,0.0,81.09588415116161,38.27736647744613,1.0
DOC027,MOL03,2025-03,47.5,144.18346989463396,66.79483494094933,0.0
DOC027,MOL03,2025-04,0.0,119.89952721035371,50.19746805906181,1.0
DOC027,MOL03,2025-05,23.4,70.38667823732465,20.361855860228843,0.0
DOC027,MOL03,2025-06,0.0,103.12247112197092,50.82799402518442,1.0
DOC027,MOL04,2025-01,0.0,106.6912231298629,32.95410921721189,1.0
DOC027,MOL04,2025-02,0.0,130.43728354582092,51.26060507081329,1.0
DOC027,MOL04,2025-03,12.0,22.59352489276506,8.207289485654485,0.0
DOC027,MOL04,2025-04,130.0,95.64524654147593,98.19911454048189,0.0
DOC027,MOL04,2025-05,41.5,53.97307435508763,21.154836204160166,0.0
DOC027,MOL04,2025-06,14.700000000000001,135.2239592183071,37.32454351876059,0.0
DOC027,MOL05,2025-01,13.9,0.0,7.8716926416850574,0.0
DOC027,MOL05,2025-04,41.1,0.0,16.42764015645372,0.0
DOC027,MOL05,2025-06,10.700000000000001,0.0,1.4900101591601758,0.0
DOC028,MOL01,2025-01,0.0,44.46138465926828,22.486266036602203,1.0
DOC028,MOL01,2025-02,57.74999999999999,57.39872257754187,35.92012359637273,0.0
DOC028,MOL01,2025-03,0.0,71.24518695174211,29.13324332247208,1.0
DOC028,MOL01,2025-04,0.0,17.00826704810613,3.984148762259992,1.0
DOC028,MOL01,2025-05,0.0,119.93209860307265,27.11818028683743,1.0
DOC028,MOL01,2025-06,0.0,10.585743487691369,2.0662767207690393,1.0
DOC028,MOL02,2025-05,146.85,0.0,96.50213616150283,0.0
DOC028,MOL03,2025-01,61.949999999999996,37.58940075398304,40.41535965312395,0.0
DOC028,MOL03,2025-02,109.85000000000001,41.49999098845865,78.18276295999651,0.0
DOC028,MOL03,2025-03,0.0,45.79258743794353,16.53910666540192,1.0
DOC028,MOL03,2025-04,0.0,40.79110062078563,13.799118602643437,1.0
DOC028,MOL03,2025-05,67.55,60.80597761319146,39.71879931217279,0.0
DOC028,MOL03,2025-06,65.8,33.85640695625912,45.87119463257271,0.0
DOC028,MOL04,2025-03,120.9,0.0,90.58933527771333,0.0
DOC028,MOL04,2025-05,51.449999999999996,0.0,21.832004055136235,0.0
DOC028,MOL05,2025-06,301.6,0.0,100.0,0.0
DOC029,MOL01,2025-01,6.1000000000000005,159.5007532097915,45.90833652116124,0.0
DOC029,MOL01,2025-02,27.599999999999998,73.89563541584941,25.561768689334375,0.0
DOC029,MOL01,2025-03,110.39999999999999,183.33530768078396,100.0,0.0
DOC029,MOL01,2025-04,57.9,120.762299149116,35.53218133519852,0.0
DOC029,MOL01,2025-05,0.0,87.03820005391796,18.641463742795505,1.0
DOC029,MOL01,2025-06,32.699999999999996,143.23376619998194,57.66854003741777,0.0
DOC029,MOL02,2025-03,38.4,0.0,33.00685602350637,0.0
DOC029,MOL02,2025-04,64.2,0.0,46.72018369713918,0.0
DOC029,MOL02,2025-05,7.5,0.0,0.0,0.0
DOC029,MOL02,2025-06,124.5,0.0,76.22067216233354,0.0
DOC029,MOL03,2025-01,3.0,0.0,0.0,0.0
DOC029,MOL03,2025-02,58.5,0.0,42.19309510890668,0.0
DOC029,MOL03,2025-05,61.8,0.0,32.87756370416407,0.0
DOC029,MOL03,2025-06,5.5,0.0,0.946395475190649,0.0
DOC029,MOL04,2025-04,87.60000000000001,0.0,63.77606869997249,0.0
DOC029,MOL05,2025-01,2.6,115.54337829221183,24.91850328936869,0.0
DOC029,MOL05,2025-02,1.7000000000000002,45.23181126369199,8.002505469310666,0.0
DOC029,MOL05,2025-03,0.0,85.35194431752207,27.034373120873695,1.0
DOC029,MOL05,2025-04,12.600000000000001,147.20515157135836,28.01068048052116,0.0
DOC029,MOL05,2025-05,0.0,71.2328628605451,24.813889045070436,1.0
DOC029,MOL05,2025-06,6.800000000000001,96.0054465675845,10.494651002850336,0.0
DOC030,MOL01,2025-01,0.0,93.62751060244432,49.642369843935,1.0
DOC030,MOL01,2025-02,0.0,35.9748904319314,12.80049641543812,1.0
DOC030,MOL01,2025-03,39.0,127.10373071071747,47.08789006620874,0.0
DOC030,MOL01,2025-04,123.30000000000001,81.03186710575517,51.58303002072743,0.0
DOC030,MOL01,2025-05,0.0,84.50627635768524,17.988990170773157,1.0
DOC030,MOL01,2025-06,0.0,137.40296287975036,73.16169318085608,1.0
DOC030,MOL02,2025-01,0.0,234.6623060532518,75.59435915653792,1.0
DOC030,MOL02,2025-02,53.8,156.45202467524499,73.83639295570957,0.0
DOC030,MOL02,2025-03,84.6,12.62388915603464,63.96470426249905,0.0
DOC030,MOL02,2025-04,124.19999999999999,90.96641961342178,100.0,0.0
DOC030,MOL02,2025-05,27.3,48.3066168037844,20.66159483830705,0.0
DOC030,MOL02,2025-06,0.0,122.43684764077912,49.03269822057878,1.0
DOC030,MOL03,2025-01,86.6,0.0,58.54341736694677,0.0
DOC030,MOL03,2025-03,77.0,0.0,59.40959409594095,0.0
DOC030,MOL03,2025-05,17.8,0.0,5.5313859540087,0.0
DOC030,MOL05,2025-01,10.100000000000001,0.0,5.4397875979124395,0.0
DOC030,MOL05,2025-05,42.6,0.0,21.6374269005848,0.0
DOC030,MOL05,2025-06,15.0,0.0,2.9461564510667113,0.0
DOC031,MOL01,2025-01,51.6,0.0,40.67937033968518,0.0
DOC031,MOL01,2025-02,12.4,0.0,6.116560877091748,0.0
DOC031,MOL01,2025-03,40.199999999999996,0.0,23.935300166379143,0.0
DOC031,MOL01,2025-06,8.700000000000001,0.0,3.4477716301112507,0.0
DOC031,MOL02,2025-01,0.0,241.7785472097022,77.93772161474767,1.0
DOC031,MOL02,2025-02,0.0,138.5143057716317,72.45470737464788,1.0
DOC031,MOL02,2025-03,0.0,35.00244713428895,18.251679486966342,1.0
DOC031,MOL02,2025-04,82.8,69.70412998034578,66.62698289319556,0.0
DOC031,MOL02,2025-05,0.0,102.98097062896348,42.350123754876456,1.0
DOC031,MOL02,2025-06,94.2,141.82574039989493,73.7107885013517,0.0
DOC031,MOL03,2025-01,0.0,70.87069998558422,30.985387481598604,1.0
DOC031,MOL03,2025-02,134.5,58.13270311140523,100.0,0.0
DOC031,MOL03,2025-03,0.0,46.08297924799391,16.7176994145104,1.0
DOC031,MOL03,2025-04,43.199999999999996,173.81460989457563,58.206910347882925,0.0
DOC031,MOL03,2025-05,19.2,106.08390945095249,25.726933799658685,0.0
DOC031,MOL03,2025-06,29.5,105.5691473113979,42.45700469839972,0.0
DOC031,MOL04,2025-01,90.3,0.0,41.976470588235294,0.0
DOC031,MOL04,2025-02,34.5,0.0,17.418422868659565,0.0
DOC031,MOL04,2025-04,25.700000000000003,0.0,16.835062130075976,0.0
DOC031,MOL04,2025-05,24.0,0.0,6.095212792308876,0.0
DOC031,MOL04,2025-06,116.6,0.0,80.95408696746378,0.0
DOC031,MOL05,2025-03,204.0,0.0,100.0,0.0
DOC031,MOL05,2025-05,84.3,0.0,48.732943469785575,0.0
DOC032,MOL01,2025-01,0.0,100.0135736952024,53.16960712245369,1.0
DOC032,MOL01,2025-02,96.0,81.83787691947545,57.78762779755249,0.0
DOC032,MOL01,2025-03,0.0,176.05385535126854,78.90758733400307,1.0
DOC032,MOL01,2025-04,83.39999999999999,125.67549506775782,44.69219213136487,0.0
DOC032,MOL01,2025-05,0.0,153.04431652755667,35.65115746103767,1.0
DOC032,MOL01,2025-06,0.0,84.15222028918663,43.308620077424784,1.0
DOC032,MOL02,2025-01,0.0,122.54448043309033,38.67420739689098,1.0
DOC032,MOL02,2025-02,9.3,74.60087974841527,22.07712545346695,0.0
DOC032,MOL02,2025-03,28.2,49.643036282225665,33.08620185511774,0.0
DOC032,MOL02,2025-04,37.6,110.64775596406966,48.35711432710423,0.0
DOC032,MOL02,2025-05,0.0,186.6528616706898,80.97955191992419,1.0
DOC032,MOL02,2025-06,0.0,136.85384759275425,55.12739276802123,1.0
DOC032,MOL03,2025-03,121.0,0.0,100.0,0.0
DOC032,MOL03,2025-04,15.3,0.0,5.590301374465726,0.0
DOC032,MOL03,2025-05,18.400000000000002,0.0,5.904288377874456,0.0
DOC032,MOL03,2025-06,63.3,0.0,46.531110863540235,0.0
DOC032,MOL04,2025-02,17.1,0.0,6.193217019967847,0.0
DOC032,MOL05,2025-01,75.0,0.0,46.974165845502704,0.0
DOC032,MOL05,2025-05,24.599999999999998,0.0,9.941520467836256,0.0
DOC033,MOL01,2025-01,32.4,45.98589765519418,31.506737822478364,0.0
DOC033,MOL01,2025-02,3.6,50.51283759510754,10.292909712465384,0.0
DOC033,MOL01,2025-03,0.0,62.07351851035202,24.777556077012182,1.0
DOC033,MOL01,2025-04,0.0,56.30655944119459,15.161137497495616,1.0
DOC033,MOL01,2025-05,46.5,53.86665598672181,17.13267053043703,0.0
DOC033,MOL01,2025-06,0.0,101.79842318095734,53.2013156399344,1.0
DOC033,MOL02,2025-04,12.0,0.0,2.3784820791270853,0.0
DOC033,MOL03,2025-01,19.8,67.06606890128586,24.338484804221718,0.0
DOC033,MOL03,2025-02,0.0,67.78098527127051,30.44198579676663,1.0
DOC033,MOL03,2025-03,50.8,59.546544022519825,43.13649365186136,0.0
DOC033,MOL03,2025-04,5.800000000000001,193.50658736687248,42.6611129041636,0.0
DOC033,MOL03,2025-05,14.700000000000001,72.57303847165659,16.609289097090652,0.0
DOC033,MOL03,2025-06,0.0,98.35685641398766,48.32235169399699,1.0
DOC033,MOL04,2025-06,48.0,0.0,31.147357227840327,0.0
DOC033,MOL05,2025-01,49.199999999999996,0.0,30.462810548309648,0.0
DOC033,MOL05,2025-04,22.6,0.0,4.367666232073015,0.0
DOC033,MOL05,2025-05,40.5,0.0,20.2729044834308,0.0
DOC033,MOL05,2025-06,52.8,0.0,15.746698272942766,0.0
DOC034,MOL01,2025-02,59.699999999999996,0.0,33.410271206001156,0.0
DOC034,MOL01,2025-04,16.7,0.0,6.271331058020478,0.0
DOC034,MOL02,2025-01,0.0,49.52920380345651,14.630438450894525,1.0
DOC034,MOL02,2025-02,6.4,57.05060423544384,15.298814595684917,0.0
DOC034,MOL02,2025-03,0.0,26.99748103375186,13.024799891447508,1.0
DOC034,MOL02,2025-04,16.0,66.50986364675772,21.588461627678917,0.0
DOC034,MOL02,2025-05,8.3,63.615807366005555,13.96169822864608,0.0
DOC034,MOL02,2025-06,0.0,49.13459304162812,18.044638783186688,1.0
DOC034,MOL03,2025-02,76.2,0.0,57.8168981094851,0.0
DOC034,MOL03,2025-03,13.4,0.0,0.7380073800737996,0.0
DOC034,MOL03,2025-04,45.3,0.0,26.295121279894328,0.0
DOC034,MOL04,2025-01,9.0,60.583160188276885,12.279711402082649,0.0
DOC034,MOL04,2025-02,0.0,124.93163858034941,48.892712424559235,1.0
DOC034,MOL04,2025-03,118.19999999999999,21.50608857293052,73.32828933544091,0.0
DOC034,MOL04,2025-04,0.0,69.82365386340224,32.645689932624535,1.0
DOC034,MOL04,2025-05,0.0,20.05199747955307,0.0,1.0
DOC034,MOL04,2025-06,0.0,174.04590666538033,80.54067981595925,1.0
DOC034,MOL05,2025-02,27.6,0.0,15.194132032059255,0.0
DOC034,MOL05,2025-04,15.9,0.0,0.0,0.0
DOC035,MOL01,2025-02,153.3,0.0,87.42065781881132,0.0
DOC035,MOL01,2025-04,55.5,0.0,22.824232081911266,0.0
DOC035,MOL01,2025-05,9.8,0.0,0.0,0.0
DOC035,MOL02,2025-01,12.3,0.0,4.396125444504289,0.0
DOC035,MOL02,2025-04,106.2,0.0,82.39741488404546,0.0
DOC035,MOL02,2025-06,9.9,0.0,3.551046290424857,0.0
DOC035,MOL03,2025-01,14.200000000000001,0.0,7.843137254901962,0.0
DOC035,MOL03,2025-04,129.1,0.0,84.13058488239159,0.0
DOC035,MOL03,2025-06,16.3,0.0,9.463954751906488,0.0
DOC035,MOL04,2025-01,55.5,111.5524490415146,37.29450181043366,0.0
DOC035,MOL04,2025-02,0.0,130.34569320172062,51.22121348206699,1.0
DOC035,MOL04,2025-03,63.0,29.47325540012941,41.433866151155144,0.0
DOC035,MOL04,2025-04,0.0,123.8691528147827,59.968793016631906,1.0
DOC035,MOL04,2025-05,0.0,90.83293233593737,27.051968359992735,1.0
DOC035,MOL04,2025-06,0.0,98.63597063539748,44.039977157770245,1.0
DOC035,MOL05,2025-01,0.0,105.99272708710224,44.19783780724288,1.0
DOC035,MOL05,2025-02,127.79999999999998,180.8394625605745,100.0,0.0
DOC035,MOL05,2025-03,0.0,119.0368597554312,38.17356473393889,1.0
DOC035,MOL05,2025-04,0.0,157.5810404942254,58.11866166633004,1.0
DOC035,MOL05,2025-05,0.0,148.52184802700975,58.29406455577637,1.0
DOC035,MOL05,2025-06,0.0,177.72962303995575,37.99065877411801,1.0
DOC036,MOL01,2025-03,6.6000000000000005,0.0,0.0,0.0
DOC036,MOL01,2025-04,65.39999999999999,0.0,27.047781569965874,0.0
DOC036,MOL01,2025-05,109.8,0.0,38.654812524159254,0.0
DOC036,MOL01,2025-06,16.0,0.0,9.586486971528844,0.0
DOC036,MOL02,2025-01,13.700000000000001,0.0,5.08765079532519,0.0
DOC036,MOL02,2025-02,54.0,0.0,40.39065586605898,0.0
DOC036,MOL02,2025-03,16.5,0.0,11.557296767874632,0.0
DOC036,MOL02,2025-05,12.600000000000001,0.0,3.5318327551034425,0.0
DOC036,MOL03,2025-01,17.8,0.0,10.364145658263304,0.0
DOC036,MOL03,2025-02,60.3,0.0,43.7819564309994,0.0
DOC036,MOL03,2025-03,105.0,0.0,85.23985239852398,0.0
DOC036,MOL03,2025-04,17.900000000000002,0.0,7.384719099602874,0.0
DOC036,MOL03,2025-06,53.1,0.0,38.48674932441972,0.0
DOC036,MOL04,2025-01,0.0,25.05806038746492,7.343705219596837,1.0
DOC036,MOL04,2025-02,5.9,139.6723973968336,28.157431949192002,0.0
DOC036,MOL04,2025-03,0.0,34.53219105207308,13.082763485621182,1.0
DOC036,MOL04,2025-04,0.0,33.14050049520721,14.100249509781623,1.0
DOC036,MOL04,2025-05,0.0,67.15107251358837,18.00093047924364,1.0
DOC036,MOL04,2025-06,28.2,91.57895070899487,34.38526676215835,0.0
DOC036,MOL05,2025-01,0.0,52.6367442166233,21.43350730581073,1.0
DOC036,MOL05,2025-02,0.0,5.9041383649684,0.0,1.0
DOC036,MOL05,2025-03,45.0,37.08391982416891,22.302235420662843,0.0
DOC036,MOL05,2025-04,70.8,32.52802146381892,32.60061309513666,0.0
DOC036,MOL05,2025-05,0.0,54.34196880908504,17.49706251205763,1.0
DOC036,MOL05,2025-06,0.0,34.89696903002808,5.744885208269122,1.0
DOC037,MOL02,2025-02,16.8,0.0,9.282324640025978,0.0
DOC037,MOL02,2025-04,9.8,0.0,0.5096747312415175,0.0
DOC037,MOL02,2025-06,4.3,0.0,0.0,0.0
DOC037,MOL03,2025-01,0.0,47.83725535877943,20.232145358907296,1.0
DOC037,MOL03,2025-02,69.0,31.133400295261232,47.08719999483746,0.0
DOC037,MOL03,2025-03,0.0,83.83581455432787,39.935925310164734,1.0
DOC037,MOL03,2025-04,0.0,75.61000573399687,29.819544373160024,1.0
DOC037,MOL03,2025-05,29.4,80.88359153334295,25.43683271873688,0.0
DOC037,MOL03,2025-06,0.0,80.99478344424362,39.19380319483276,1.0
DOC037,MOL04,2025-03,79.2,0.0,57.568572331204194,0.0
DOC037,MOL04,2025-04,46.199999999999996,0.0,32.38095283577675,0.0
DOC037,MOL04,2025-06,5.1000000000000005,0.0,0.0,0.0
DOC037,MOL05,2025-01,10.9,66.39986349639601,18.566357047883674,0.0
DOC037,MOL05,2025-02,115.19999999999999,25.22208907735293,60.40132185220042,0.0
DOC037,MOL05,2025-03,0.0,43.38735878002638,13.157195363765336,1.0
DOC037,MOL05,2025-04,0.0,58.28496858453008,14.965218854641495,1.0
DOC037,MOL05,2025-05,0.0,66.00733739431172,22.550286937107092,1.0
DOC037,MOL05,2025-06,0.0,74.03965778237317,14.581703980668959,1.0
DOC038,MOL01,2025-01,83.39999999999999,0.0,67.02568351284175,0.0
DOC038,MOL01,2025-03,119.5,0.0,80.42545799952993,0.0
DOC038,MOL01,2025-04,57.599999999999994,0.0,23.720136518771334,0.0
DOC038,MOL02,2025-01,6.6,0.0,1.5806293733049124,0.0
DOC038,MOL02,2025-02,42.6,0.0,30.85745758711338,0.0
DOC038,MOL02,2025-05,9.8,0.0,1.592787320929003,0.0
DOC038,MOL03,2025-01,45.3,0.0,29.621848739495793,0.0
DOC038,MOL03,2025-05,92.39999999999999,0.0,51.89558732131757,0.0
DOC038,MOL04,2025-01,0.0,38.9379578677818,11.698182860480562,1.0
DOC038,MOL04,2025-02,0.0,116.44694443983386,45.24357685787436,1.0
DOC038,MOL04,2025-03,42.6,30.272882774778296,29.080676620619457,0.0
DOC038,MOL04,2025-04,0.0,45.201454383596726,20.19775425629871,1.0
DOC038,MOL04,2025-05,0.0,73.38546167697324,20.3836695421561,1.0
DOC038,MOL04,2025-06,6.300000000000001,200.54965404051333,48.39085704726461,0.0
DOC038,MOL05,2025-01,57.599999999999994,65.04051453373245,41.52168851027033,0.0
DOC038,MOL05,2025-02,87.0,25.47687513943946,46.37288883538713,0.0
DOC038,MOL05,2025-03,162.89999999999998,45.08009351342089,69.11046519732487,0.0
DOC038,MOL05,2025-04,7.7,119.54421552101971,19.515619771335587,0.0
DOC038,MOL05,2025-05,9.299999999999999,119.81158590649105,24.60723108219429,0.0
DOC038,MOL05,2025-06,0.0,48.02072405349465,8.707692528162239,1.0
DOC039,MOL01,2025-02,9.6,0.0,4.5008655510675135,0.0
DOC039,MOL01,2025-04,11.200000000000001,0.0,3.9249146757679187,0.0
DOC039,MOL01,2025-05,33.9,0.0,9.315809818322379,0.0
DOC039,MOL02,2025-01,54.3,95.03781051150084,34.82946633948822,0.0
DOC039,MOL02,2025-02,55.8,53.36787919122447,46.40266957326036,0.0
DOC039,MOL02,2025-03,57.3,47.6114733309946,54.59075198530675,0.0
DOC039,MOL02,2025-04,95.39999999999999,96.75053484287687,82.6099307975625,0.0
DOC039,MOL02,2025-05,0.0,133.31201310506876,56.35328314226762,1.0
DOC039,MOL02,2025-06,19.6,68.43031398888105,21.404279713002406,0.0
DOC039,MOL03,2025-03,67.2,0.0,50.3690036900369,0.0
DOC039,MOL03,2025-04,91.79999999999998,0.0,58.38759213330867,0.0
DOC039,MOL03,2025-05,110.39999999999999,0.0,63.082660037290225,0.0
DOC039,MOL04,2025-01,23.4,53.24472695982092,16.399172856442497,0.0
DOC039,MOL04,2025-02,102.6,98.7007535900451,67.86749856418558,0.0
DOC039,MOL04,2025-03,0.0,55.342259619485205,24.068604270035525,1.0
DOC039,MOL04,2025-04,0.0,44.35420995148939,19.76942354597174,1.0
DOC039,MOL04,2025-05,0.0,47.62933443292855,10.539861450392843,1.0
DOC039,MOL04,2025-06,0.0,144.66184770340874,66.31790155189628,1.0
DOC039,MOL05,2025-01,61.199999999999996,0.0,38.14251068653898,0.0
DOC039,MOL05,2025-03,9.200000000000001,0.0,3.3730158730158735,0.0
DOC039,MOL05,2025-04,26.400000000000002,0.0,6.844850065189051,0.0
DOC039,MOL05,2025-06,14.0,0.0,2.6075177785303074,0.0
DOC040,MOL03,2025-01,0.0,30.76859859309418,12.263584777354891,1.0
DOC040,MOL03,2025-02,20.0,33.261384321736045,14.072618578991033,0.0
DOC040,MOL03,2025-03,0.0,33.97930112775789,9.273862932200425,1.0
DOC040,MOL03,2025-04,0.0,60.74687757277406,22.98091344406174,1.0
DOC040,MOL03,2025-05,0.0,49.99454036474367,15.183153248288237,1.0
DOC040,MOL03,2025-06,0.0,25.52053777580953,10.026817033599153,1.0
DOC040,MOL04,2025-01,0.0,62.987912201758945,19.243266573100843,1.0
DOC040,MOL04,2025-02,172.0,40.10827061233514,90.09014833086603,0.0
DOC040,MOL04,2025-03,0.0,27.20340291706414,9.213823826287545,1.0
DOC040,MOL04,2025-04,171.0,7.10293561981324,100.0,0.0
DOC040,MOL04,2025-05,0.0,37.12974893501211,6.5269947757864015,1.0
DOC040,MOL04,2025-06,0.0,49.9044596642372,20.45244366171509,1.0
DOC041,MOL01,2025-01,0.0,136.32565078651163,73.22598773074378,1.0
DOC041,MOL01,2025-02,22.5,132.71443612845405,34.586350476717456,0.0
DOC041,MOL01,2025-03,17.6,119.49597650162895,33.42456464728249,0.0
DOC041,MOL01,2025-04,100.2,134.8990915335529,51.578369103178744,0.0
DOC041,MOL01,2025-05,0.0,101.51502070072405,22.372122329783288,1.0
DOC041,MOL01,2025-06,0.0,71.88219408747976,36.429880526373296,1.0
DOC041,MOL02,2025-02,38.4,0.0,27.34522664223869,0.0
DOC041,MOL02,2025-04,96.0,0.0,73.73294445293965,0.0
DOC041,MOL02,2025-05,49.8,0.0,29.293436380563836,0.0
DOC041,MOL03,2025-01,0.0,48.319789995643674,20.457418298619828,1.0
DOC041,MOL03,2025-02,27.0,68.94088570041235,29.376541046826915,0.0
DOC041,MOL03,2025-03,95.69999999999999,60.53540269893779,75.65664289635232,0.0
DOC041,MOL03,2025-04,0.0,75.21005998754104,29.635526491997577,1.0
DOC041,MOL03,2025-05,0.0,160.55588599352296,60.992701882545234,1.0
DOC041,MOL03,2025-06,0.0,90.49875398355854,44.19075581413991,1.0
DOC041,MOL05,2025-03,2.4000000000000004,0.0,0.0,0.0
DOC041,MOL05,2025-04,95.39999999999999,0.0,51.82529335071708,0.0
DOC041,MOL05,2025-05,13.100000000000001,0.0,2.469135802469136,0.0
DOC042,MOL01,2025-01,4.5,63.70238195740315,18.420983694394682,0.0
DOC042,MOL01,2025-02,0.0,51.19589816268877,18.655856188762748,1.0
DOC042,MOL01,2025-03,0.0,119.77977971110937,52.182649000020234,1.0
DOC042,MOL01,2025-04,0.0,76.50908264437442,20.907020092256662,1.0
DOC042,MOL01,2025-05,182.39999999999998,32.5800306493967,55.24803899618562,0.0
DOC042,MOL01,2025-06,117.6,96.15216689462439,100.0,0.0
DOC042,MOL02,2025-01,0.0,120.43299706566437,37.97890059859967,1.0
DOC042,MOL02,2025-02,0.0,50.2264011192381,23.23446756857117,1.0
DOC042,MOL02,2025-03,0.0,137.4619462873194,85.15308278636591,1.0
DOC042,MOL02,2025-04,91.3,64.83752193089117,70.86485049687697,0.0
DOC042,MOL02,2025-05,80.0,200.8470808456928,84.25931434818355,0.0
DOC042,MOL02,2025-06,57.599999999999994,109.78493626301731,48.88711398499625,0.0
DOC042,MOL03,2025-03,53.1,0.0,37.36162361623616,0.0
DOC042,MOL03,2025-04,8.4,0.0,0.8281927962171445,0.0
DOC042,MOL04,2025-03,110.39999999999999,0.0,82.27475467967146,0.0
DOC042,MOL04,2025-05,187.8,0.0,100.0,0.0
DOC042,MOL04,2025-06,19.6,0.0,10.527661533885425,0.0
DOC042,MOL05,2025-04,71.1,0.0,35.98435462842243,0.0
DOC042,MOL05,2025-06,6.300000000000001,0.0,0.0,0.0
DOC043,MOL01,2025-01,114.6,90.2870237472399,96.71003141321178,0.0
DOC043,MOL01,2025-02,0.0,25.36005824814049,8.71708338070417,1.0
DOC043,MOL01,2025-03,19.5,159.04417370413213,43.86812749601282,0.0
DOC043,MOL01,2025-04,56.300000000000004,86.95416515527167,30.19351988366587,0.0
DOC043,MOL01,2025-05,0.0,94.22624834910158,20.493814804561676,1.0
DOC043,MOL01,2025-06,0.0,146.0486890705875,78.00860203979562,1.0
DOC043,MOL02,2025-02,121.8,0.0,97.08809826189334,0.0
DOC043,MOL02,2025-03,41.599999999999994,0.0,36.14103819784524,0.0
DOC043,MOL02,2025-04,52.2,0.0,36.52668907230881,0.0
DOC043,MOL02,2025-05,9.1,0.0,1.108025962385393,0.0
DOC043,MOL03,2025-01,27.1,66.28214366684308,28.1315305789394,0.0
DOC043,MOL03,2025-02,0.0,77.15388100454315,35.957627095509146,1.0
DOC043,MOL03,2025-03,24.200000000000003,60.77750483674788,24.429327030570274,0.0
DOC043,MOL03,2025-04,0.0,158.03376564791833,67.74330226084957,1.0
DOC043,MOL03,2025-05,40.199999999999996,57.30105332448723,25.77191906453018,0.0
DOC043,MOL03,2025-06,0.0,104.58342680156558,51.59612838330801,1.0
DOC043,MOL04,2025-01,8.4,0.0,3.4352941176470595,0.0
DOC043,MOL04,2025-03,118.19999999999999,0.0,88.45130026678827,0.0
DOC043,MOL04,2025-05,139.79999999999998,0.0,72.48211363877182,0.0
DOC043,MOL05,2025-02,81.0,0.0,49.48122691319363,0.0
DOC043,MOL05,2025-05,14.200000000000001,0.0,3.1838856400259914,0.0
DOC043,MOL05,2025-06,100.2,0.0,31.798171351168303,0.0
DOC044,MOL01,2025-04,2.0,0.0,0.0,0.0
DOC044,MOL01,2025-06,56.599999999999994,0.0,43.72783530872806,0.0
DOC044,MOL02,2025-01,70.1,0.0,32.94624349982428,0.0
DOC044,MOL02,2025-02,5.7,0.0,0.0,0.0
DOC044,MOL02,2025-03,16.6,0.0,11.655239960822723,0.0
DOC044,MOL02,2025-04,34.8,0.0,21.74612186630478,0.0
DOC044,MOL02,2025-05,48.6,0.0,28.46241690877479,0.0
DOC044,MOL02,2025-06,24.3,0.0,12.682308180088775,0.0
DOC044,MOL03,2025-01,0.0,40.378213262813,16.74986613576704,1.0
DOC044,MOL03,2025-02,0.0,67.64467637487128,30.36177248812001,1.0
DOC044,MOL03,2025-03,0.0,75.12387447160185,34.57802858032094,1.0
DOC044,MOL03,2025-04,0.0,88.88026947867961,35.9252870605199,1.0
DOC044,MOL03,2025-05,15.700000000000001,80.64455518430579,18.764841209372094,0.0
DOC044,MOL03,2025-06,0.0,101.22406292076683,49.82985795202644,1.0
DOC044,MOL04,2025-02,118.19999999999999,0.0,71.41553376150421,0.0
DOC044,MOL04,2025-03,7.199999999999999,0.0,0.5543053732027905,0.0
DOC044,MOL04,2025-04,3.5,0.0,0.0,0.0
DOC044,MOL04,2025-06,12.9,0.0,5.663155859607332,0.0
DOC044,MOL05,2025-01,17.799999999999997,108.00374881337311,30.87603860469362,0.0
DOC044,MOL05,2025-02,55.8,57.03701225719855,37.54645255868073,0.0
DOC044,MOL05,2025-03,0.0,70.64630929331324,22.171398575831095,1.0
DOC044,MOL05,2025-04,0.0,85.87357585773916,26.95505252400659,1.0
DOC044,MOL05,2025-05,78.89999999999999,31.041387972199853,40.55477322334845,0.0
DOC044,MOL05,2025-06,0.0,56.39647733711598,10.598595177134209,1.0
DOC045,MOL01,2025-01,0.0,105.76166951475662,56.34447363422071,1.0
DOC045,MOL01,2025-02,0.0,149.55512381883375,56.49360408495239,1.0
DOC045,MOL01,2025-03,15.100000000000001,121.69833242175156,32.562376807177905,0.0
DOC045,MOL01,2025-04,0.0,103.78468464688882,28.664586077044607,1.0
DOC045,MOL01,2025-05,0.0,138.44866219645175,31.88987558212904,1.0
DOC045,MOL01,2025-06,0.0,61.72599428709257,30.736180113118582,1.0
DOC045,MOL02,2025-05,9.8,0.0,1.592787320929003,0.0
DOC045,MOL03,2025-02,69.0,0.0,51.461452821114214,0.0
DOC045,MOL03,2025-05,29.4,0.0,12.7408328154133,0.0
DOC045,MOL04,2025-03,79.2,0.0,57.568572331204194,0.0
DOC045,MOL04,2025-04,46.199999999999996,0.0,32.38095283577675,0.0
DOC045,MOL04,2025-06,6.300000000000001,0.0,0.8712547476318974,0.0
DOC045,MOL05,2025-01,0.0,67.32075870632154,27.698442200605005,1.0
DOC045,MOL05,2025-02,115.19999999999999,25.86657433963081,60.53925897665244,0.0
DOC045,MOL05,2025-03,0.0,43.08455059030454,13.057060380391713,1.0
DOC045,MOL05,2025-04,7.7,56.665887896920815,5.852358662231092,0.0
DOC045,MOL05,2025-05,0.0,65.03918028063082,22.130898973632583,1.0
DOC045,MOL05,2025-06,0.0,67.92265394301148,13.20073460729461,1.0
DOC046,MOL01,2025-01,0.0,53.86187727855143,27.678474056090273,1.0
DOC046,MOL01,2025-02,41.9,50.2511761252595,27.431783572211227,0.0
DOC046,MOL01,2025-03,0.0,46.64384906538221,17.4499019176201,1.0
DOC046,MOL01,2025-04,0.0,71.11051932519258,19.371592527074117,1.0
DOC046,MOL01,2025-05,93.0,49.522141734347784,30.55303978022777,0.0
DOC046,MOL01,2025-06,0.0,147.43884132426248,78.78793984495917,1.0
DOC046,MOL02,2025-01,0.0,308.7765026050197,100.0,1.0
DOC046,MOL02,2025-02,18.7,159.64901867894991,51.89804905770591,0.0
DOC046,MOL02,2025-04,24.0,92.70786480893027,34.29201024873648,0.0
DOC046,MOL02,2025-05,0.0,28.7791447262515,8.092811439624024,1.0
DOC046,MOL02,2025-06,0.0,133.61491004780663,53.758152630651715,1.0
DOC046,MOL03,2025-02,11.4,0.0,0.6178905141471681,0.0
DOC046,MOL03,2025-03,114.9,0.0,94.37269372693727,0.0
DOC046,MOL03,2025-04,46.7,0.0,27.261346208814334,0.0
DOC046,MOL03,2025-05,44.1,0.0,21.8769422001243,0.0
DOC046,MOL04,2025-03,23.1,0.0,13.144955993094767,0.0
DOC046,MOL04,2025-06,96.0,0.0,65.99754713311621,0.0
DOC046,MOL05,2025-01,117.9,0.0,74.42909383967255,0.0
DOC046,MOL05,2025-02,23.6,0.0,12.625810318116603,0.0
DOC046,MOL05,2025-03,5.800000000000001,0.0,1.6865079365079365,0.0
DOC046,MOL05,2025-04,46.5,0.0,19.94784876140809,0.0
DOC046,MOL05,2025-05,96.0,0.0,56.33528265107213,0.0
DOC046,MOL05,2025-06,105.6,0.0,33.626820182864876,0.0
DOC047,MOL01,2025-05,29.4,0.0,7.576343254735214,0.0
DOC047,MOL01,2025-06,115.5,0.0,93.25801799496041,0.0
DOC047,MOL02,2025-01,12.200000000000001,0.0,4.346730776588511,0.0
DOC047,MOL02,2025-02,59.4,0.0,44.90638136661215,0.0
DOC047,MOL02,2025-03,30.599999999999998,0.0,25.367286973555338,0.0
DOC047,MOL02,2025-04,23.0,0.0,11.722518818554919,0.0
DOC047,MOL02,2025-06,101.1,0.0,61.38237159162967,0.0
DOC047,MOL03,2025-01,45.3,0.0,29.621848739495793,0.0
DOC047,MOL03,2025-06,119.39999999999999,0.0,90.77509932870306,0.0
DOC047,MOL04,2025-01,0.0,48.48297087260153,14.692696744345577,1.0
DOC047,MOL04,2025-02,0.0,33.18194907718176,9.43259168790765,1.0
DOC047,MOL04,2025-03,0.0,107.75395480901233,51.73725594834197,1.0
DOC047,MOL04,2025-04,2.1,43.72309545355446,9.636706915186277,0.0
DOC047,MOL04,2025-05,43.7,111.43384869326024,33.1163469110142,0.0
DOC047,MOL04,2025-06,58.199999999999996,73.40664484764609,46.92835692246772,0.0
DOC047,MOL05,2025-01,7.800000000000001,80.5442810187084,20.04066410903415,0.0
DOC047,MOL05,2025-02,0.0,63.13785081483353,24.499097742423068,1.0
DOC047,MOL05,2025-03,0.0,132.84338874205943,42.73921585385563,1.0
DOC047,MOL05,2025-04,44.699999999999996,81.25087688992588,29.954558211631007,0.0
DOC047,MOL05,2025-05,0.0,34.71502924048559,8.995031076666923,1.0
DOC047,MOL05,2025-06,0.0,67.27770101642908,13.055130605357052,1.0
DOC048,MOL01,2025-04,236.39999999999998,0.0,100.0,0.0
DOC048,MOL02,2025-01,0.0,84.80885930346794,26.247950901602085,1.0
DOC048,MOL02,2025-02,120.8,93.97967427047615,100.0,0.0
DOC048,MOL02,2025-03,0.0,43.796446623022035,23.99376207836894,1.0
DOC048,MOL02,2025-04,0.0,99.26179674688234,48.397464764871685,1.0
DOC048,MOL02,2025-05,11.200000000000001,62.59392048599029,15.287815968603702,0.0
DOC048,MOL02,2025-06,39.5,52.28243779186279,27.805771392629353,0.0
DOC048,MOL03,2025-01,105.0,0.0,71.42857142857142,0.0
DOC048,MOL03,2025-02,15.200000000000001,0.0,3.972153305231802,0.0
DOC048,MOL03,2025-05,9.8,0.0,0.559353635798633,0.0
DOC048,MOL03,2025-06,75.0,0.0,55.75846674664907,0.0
DOC048,MOL04,2025-05,17.6,0.0,2.426161277478455,0.0
DOC048,MOL04,2025-06,90.0,0.0,61.64127339495673,0.0
DOC048,MOL05,2025-01,12.4,64.09565828609536,18.82144997598779,0.0
DOC048,MOL05,2025-02,78.6,69.11656638845616,51.518027254664354,0.0
DOC048,MOL05,2025-03,66.7,39.65865687477261,31.09986610583762,0.0
DOC048,MOL05,2025-04,28.799999999999997,130.71711500522008,32.6417025217775,0.0
DOC048,MOL05,2025-05,11.4,89.68528646135685,19.1434451941427,0.0
DOC048,MOL05,2025-06,7.199999999999999,113.78644991783642,12.607117046826549,0.0
DOC049,MOL01,2025-01,0.0,62.31334391313819,32.34650312794156,1.0
DOC049,MOL01,2025-02,0.0,63.55837308921474,23.41156879754366,1.0
DOC049,MOL01,2025-03,0.0,148.64912605920375,65.89289642955993,1.0
DOC049,MOL01,2025-04,0.0,83.82612435684872,22.988089976350608,1.0
DOC049,MOL01,2025-05,59.4,63.19049291549878,22.2124072819867,0.0
DOC049,MOL01,2025-06,14.5,119.70488285561012,39.16954938362536,0.0
DOC049,MOL02,2025-03,37.5,0.0,32.12536728697356,0.0
DOC049,MOL02,2025-04,18.6,0.0,7.984904122783789,0.0
DOC049,MOL02,2025-05,55.8,0.0,33.44853373950906,0.0
DOC049,MOL02,2025-06,78.9,0.0,47.305009511731136,0.0
DOC049,MOL03,2025-02,10.700000000000001,0.0,0.0,0.0
DOC049,MOL03,2025-04,61.199999999999996,0.0,37.268675829771496,0.0
DOC049,MOL03,2025-06,105.79999999999998,0.0,80.04928394320903,0.0
DOC049,MOL04,2025-01,0.0,110.39143485719961,34.11495995519988,1.0
DOC049,MOL04,2025-02,0.0,57.1061492047318,19.722019703120132,1.0
DOC049,MOL04,2025-03,0.0,112.86748409946776,54.43673857856035,1.0
DOC049,MOL04,2025-04,76.5,73.44032481081338,61.03097400744393,0.0
DOC049,MOL04,2025-05,99.6,55.213513703875364,47.298186181533545,0.0
DOC049,MOL04,2025-06,22.5,74.89757969164032,27.129319028996267,0.0
DOC049,MOL05,2025-03,65.39999999999999,0.0,31.249999999999993,0.0
DOC049,MOL05,2025-04,79.2,0.0,41.26466753585398,0.0
DOC049,MOL05,2025-05,117.2,0.0,70.11046133853152,0.0
DOC050,MOL01,2025-01,9.5,52.70939030276223,18.6070303699058,0.0
DOC050,MOL01,2025-02,0.0,106.70217146008929,40.008529124866044,1.0
DOC050,MOL01,2025-03,9.700000000000001,102.79780884295712,25.082471179632783,0.0
DOC050,MOL01,2025-04,30.9,80.77278889047699,20.886346543014366,0.0
DOC050,MOL01,2025-05,56.699999999999996,54.002263888076456,20.216758650699195,0.0
DOC050,MOL01,2025-06,27.599999999999998,87.85356820850774,38.809454029021616,0.0
DOC050,MOL02,2025-01,83.39999999999999,0.0,39.51573433262281,0.0
DOC050,MOL03,2025-01,9.600000000000001,0.0,4.6218487394958,0.0
DOC050,MOL03,2025-04,34.5,0.0,18.841386113940036,0.0
DOC050,MOL04,2025-01,14.9,40.14737013174827,11.233574399751364,0.0
DOC050,MOL04,2025-02,0.0,28.75786168619591,7.5298602068188485,1.0
DOC050,MOL04,2025-03,48.3,114.53671277163619,54.833131476572795,0.0
DOC050,MOL04,2025-04,0.0,57.58716947428365,26.45944443879522,1.0
DOC050,MOL04,2025-05,53.1,74.04677214925658,30.163191705966785,0.0
DOC050,MOL04,2025-06,0.0,78.7935882426344,34.43566056664669,1.0
DOC050,MOL05,2025-05,46.5,0.0,24.17153996101365,0.0
DOC050,MOL05,2025-06,21.0,0.0,4.977988486285133,0.0
